Event	State
New Farm parkrun	Queensland
Main Beach parkrun	Queensland
Kirra parkrun	Queensland
Coomera parkrun	Queensland
Wynnum parkrun	Queensland
North Lakes parkrun	Queensland
Kawana parkrun	Queensland
Riverway parkrun	Queensland
Sandgate parkrun	Queensland
South Bank parkrun	Queensland
Varsity Lakes parkrun	Queensland
Toowoomba parkrun	Queensland
Mitchelton parkrun	Queensland
Noosa parkrun	Queensland
Logan River parkrun	Queensland
North Shore parkrun	Queensland
Ipswich QLD parkrun	Queensland
Airlie Beach parkrun	Queensland
Gatton parkrun	Queensland
Cairns parkrun	Queensland
Cleveland parkrun	Queensland
Gladstone QLD parkrun	Queensland
Rocks Riverside parkrun	Queensland
Bunyaville parkrun	Queensland
Warwick parkrun	Queensland
Bargara parkrun	Queensland
Emerald parkrun	Queensland
Rockhampton parkrun	Queensland
Dalby parkrun	Queensland
Mudgeeraba parkrun	Queensland
Mackay parkrun	Queensland
Roma parkrun	Queensland
Hervey Bay parkrun	Queensland
Minnippi parkrun	Queensland
Calamvale parkrun	Queensland
Stanthorpe parkrun	Queensland
Golden Beach parkrun	Queensland
Tamborine Mountain parkrun	Queensland
Yeppoon parkrun	Queensland
Wishart parkrun	Queensland
Mount Isa parkrun	Queensland
Yarrabilba parkrun	Queensland
Pittsworth parkrun	Queensland
Central Lakes parkrun	Queensland
Capalaba parkrun	Queensland
Broadbeach Waters parkrun	Queensland
Redcliffe parkrun	Queensland
Berrinba parkrun	Queensland
St Lucia parkrun	Queensland
Chermside parkrun	Queensland
Atherton parkrun	Queensland
Brightwater parkrun	Queensland
Warner Lakes parkrun	Queensland
Maryborough parkrun	Queensland
Goondiwindi parkrun	Queensland
Forest Lake parkrun	Queensland
Hamilton Island parkrun	Queensland
Ashgrove parkrun	Queensland
Petrie parkrun	Queensland
Paradise Point parkrun	Queensland
Surfers Paradise parkrun	Queensland
Highfields parkrun	Queensland
Nambour parkrun	Queensland
Sirromet parkrun	Queensland
Kedron parkrun	Queensland
Bowen parkrun	Queensland
Meadowbrook parkrun	Queensland
Weipa parkrun	Queensland
Underwood Park parkrun	Queensland
Tannum Sands parkrun	Queensland
Wondai parkrun	Queensland
White Rock parkrun	Queensland
Bundaberg parkrun	Queensland
Redland Bay parkrun	Queensland
Mansfield parkrun, Queensland	Queensland
Greenbank parkrun	Queensland
Oakey parkrun	Queensland
Cloncurry parkrun	Queensland
Lota parkrun	Queensland
Miles parkrun	Queensland
St George parkrun	Queensland
North Harbour parkrun	Queensland
Zillmere parkrun	Queensland
Cardwell parkrun	Queensland
Plantation parkrun	Queensland
Kelvin Grove parkrun	Queensland
Aplins Weir parkrun	Queensland
Gainsborough Greens parkrun	Queensland
South Toowoomba parkrun	Queensland
Ocean View parkrun	Queensland
Cannonvale junior parkrun	Queensland
Cormorant Bay parkrun	Queensland
Pallara parkrun	Queensland
Mudjimba Beach parkrun	Queensland
Victory Heights Trail parkrun	Queensland
Baringa parkrun	Queensland
Yowie parkrun	Queensland
Graham Andrews parkrun	Queensland
Glass House Mountains Conservation parkrun	Queensland
Charleys Creek parkrun	Queensland
Harris Avenue parkrun	Queensland
Ros Gregor Trail parkrun	Queensland
Centenary parkrun	Queensland
Waterloo Plains parkrun	Queensland
TYTO Wetlands parkrun	Queensland
S.S. Koopa Trail parkrun	Queensland
Old Thomson River Road parkrun	Queensland
Maleny Trail parkrun	Queensland
Gayndah River Walk parkrun	Queensland
Bellevue Park junior parkrun	Queensland
Des Connor Park junior parkrun	Queensland
St Peters parkrun	New South Wales
Newy parkrun	New South Wales
Parramatta parkrun	New South Wales
Curl Curl parkrun	New South Wales
Kingscliff parkrun	New South Wales
Lake Mac parkrun	New South Wales
Fingal Bay parkrun	New South Wales
Sandon Point parkrun	New South Wales
North Wollongong parkrun	New South Wales
Batemans Bay parkrun	New South Wales
Tamworth parkrun	New South Wales
Nulkaba parkrun	New South Wales
Inverell parkrun	New South Wales
Mosman parkrun	New South Wales
Armidale parkrun	New South Wales
Merimbula parkrun	New South Wales
Bathurst parkrun	New South Wales
Port Macquarie parkrun	New South Wales
Blackbutt parkrun	New South Wales
Albury Wodonga parkrun	New South Wales
Maitland parkrun	New South Wales
Blue Gum Hills parkrun	New South Wales
Lakeview parkrun	New South Wales
Singleton parkrun	New South Wales
Yamba parkrun	New South Wales
Cooks River parkrun	New South Wales
Coffs Harbour parkrun	New South Wales
Campbelltown parkrun	New South Wales
Queanbeyan parkrun	New South Wales
Penrith Lakes parkrun	New South Wales
Rouse Hill parkrun	New South Wales
Mt Penang parkrun	New South Wales
Lawson parkrun	New South Wales
Mudgee parkrun	New South Wales
Bowral parkrun	New South Wales
Shellharbour parkrun	New South Wales
Cronulla parkrun	New South Wales
Lismore parkrun	New South Wales
Cowra parkrun	New South Wales
Stockton parkrun	New South Wales
Huskisson parkrun	New South Wales
Narrabri parkrun	New South Wales
The Beaches parkrun	New South Wales
Taree parkrun	New South Wales
Dubbo parkrun	New South Wales
Menai parkrun	New South Wales
Bill Rose Sports Complex parkrun	New South Wales
Goulburn parkrun	New South Wales
Chipping Norton parkrun	New South Wales
The Ponds parkrun	New South Wales
Rhodes parkrun	New South Wales
Callaghan parkrun	New South Wales
Bega parkrun	New South Wales
Grafton parkrun	New South Wales
The Terrace parkrun	New South Wales
Panania parkrun	New South Wales
The Entrance parkrun	New South Wales
Wagga parkrun	New South Wales
Wauchope parkrun	New South Wales
Moree parkrun	New South Wales
Orange parkrun	New South Wales
Galston parkrun	New South Wales
Willoughby parkrun	New South Wales
Nepean River parkrun	New South Wales
Kamay parkrun	New South Wales
Forster parkrun	New South Wales
Rooty Hill parkrun	New South Wales
Lithgow parkrun	New South Wales
Ballina Coast parkrun	New South Wales
Dolls Point parkrun	New South Wales
Urunga parkrun	New South Wales
East Richmond parkrun	New South Wales
San Remo parkrun	New South Wales
GreenWay parkrun	New South Wales
Wildflower parkrun	New South Wales
Picton parkrun	New South Wales
Cobar parkrun	New South Wales
North Sydney parkrun	New South Wales
Woy Woy parkrun	New South Wales
Jindabyne parkrun	New South Wales
Merriwa parkrun	New South Wales
Braidwood Showground parkrun	New South Wales
Cowpasture Reserve parkrun, Camden	New South Wales
Horseshoe Bay Reserve parkrun	New South Wales
Centennial parkrun	New South Wales
Bourke Racecourse parkrun	New South Wales
Narromine Wetlands parkrun	New South Wales
Queen Elizabeth parkrun, Casino	New South Wales
Broken Hill Racecourse parkrun	New South Wales
Werrington Lakes Reserve parkrun	New South Wales
Riverbank parkrun	New South Wales
Gloucester District parkrun	New South Wales
Walcha parkrun	New South Wales
Ted Scobie Oval parkrun	New South Wales
Pioneer Dairy parkrun	New South Wales
Casula Parklands parkrun	New South Wales
Northparkes Oval parkrun	New South Wales
Whalan Reserve parkrun	New South Wales
Avondale University College parkrun	New South Wales
Leeton Sport and Recreation Precinct parkrun	New South Wales
Albert parkrun, Melbourne	Victoria
Balyang Sanctuary parkrun	Victoria
Shepparton parkrun	Victoria
Warrnambool parkrun	Victoria
Highlands parkrun	Victoria
Hastings Foreshore parkrun	Victoria
Diamond Creek parkrun	Victoria
Ocean Grove parkrun	Victoria
Berwick Springs parkrun	Victoria
Point Cook parkrun	Victoria
Ballarat parkrun	Victoria
Westerfolds parkrun	Victoria
Torquay parkrun	Victoria
Lakes Entrance parkrun	Victoria
Lillydale Lake parkrun	Victoria
Sale parkrun	Victoria
Kennington Reservoir parkrun	Victoria
Maribyrnong parkrun	Victoria
Hamilton parkrun	Victoria
Pakenham parkrun	Victoria
Wangaratta parkrun	Victoria
Toolern Creek parkrun	Victoria
Frog Hollow parkrun	Victoria
Inverloch parkrun	Victoria
Parkville parkrun	Victoria
Brimbank parkrun	Victoria
Coburg parkrun	Victoria
Traralgon parkrun	Victoria
Warragul parkrun	Victoria
Mansfield Botanic parkrun	Victoria
Jells parkrun	Victoria
Lancefield parkrun	Victoria
Phillip Island parkrun	Victoria
Altona Beach parkrun	Victoria
Castlemaine parkrun	Victoria
Wyndham Vale parkrun	Victoria
Churchill parkrun	Victoria
Bairnsdale parkrun	Victoria
Studley parkrun	Victoria
Lalor parkrun	Victoria
Portland parkrun	Victoria
Cobram parkrun	Victoria
You Yangs parkrun	Victoria
Chelsea Bicentennial parkrun	Victoria
Wilson Botanic parkrun	Victoria
Karkarook parkrun	Victoria
Cohuna parkrun	Victoria
Port Fairy parkrun	Victoria
Mullum Mullum parkrun	Victoria
Newborough parkrun	Victoria
Darebin parkrun	Victoria
Ararat parkrun	Victoria
Echuca Moama parkrun	Victoria
Timboon parkrun	Victoria
Mount Beauty parkrun	Victoria
Mernda parkrun	Victoria
Newport Lakes parkrun	Victoria
Bannockburn Bush parkrun	Victoria
Portarlington parkrun	Victoria
Sunbury parkrun	Victoria
Marriott Waters parkrun	Victoria
Koonwarra parkrun	Victoria
Gardiners Creek parkrun	Victoria
Bright parkrun	Victoria
Nhill parkrun	Victoria
Rosebud parkrun	Victoria
Euroa parkrun	Victoria
Westerfolds junior parkrun	Victoria
Willow parkrun	Victoria
Eastern Gardens parkrun	Victoria
Wimmera River parkrun, Horsham	Victoria
KM Reedy Reserve parkrun	Victoria
Mildura Weir parkrun	Victoria
Lorne Beach parkrun	Victoria
Birdsland Reserve parkrun	Victoria
Grand Ridge Rail Trail parkrun, Mirboo North	Victoria
Berwick Waters parkrun	Victoria
Campaspe parkrun	Victoria
Goldfields Reservoir parkrun	Victoria
Benalla Botanical Gardens parkrun	Victoria
Aurora parkrun	Victoria
Wallaby Track parkrun	Victoria
Kerang Regional parkrun	Victoria
Warringal Parklands parkrun	Victoria
Dandenong parkrun	Victoria
Bendigo Botanic Gardens parkrun	Victoria
Peppertree parkrun	Victoria
Fairpark Reserve parkrun	Victoria
Eynesbury Heritage Trail junior parkrun	Victoria
Lake Boga Foreshore parkrun	Victoria
Louis Hamon Park parkrun	Victoria
Cascades on Clyde Wetlands parkrun	Victoria
Ovens River Trail parkrun	Victoria
Ginninderra parkrun	Australian Capital Territory
Tuggeranong parkrun	Australian Capital Territory
Gungahlin parkrun	Australian Capital Territory
Burley Griffin parkrun	Australian Capital Territory
Coombs parkrun	Australian Capital Territory
Mount Ainslie parkrun	Australian Capital Territory
Wagi Bridge parkrun	Australian Capital Territory
Claisebrook Cove parkrun	Western Australia
Rockingham parkrun	Western Australia
Canning River parkrun	Western Australia
Bunbury parkrun	Western Australia
Aveley parkrun	Western Australia
Lake Joondalup parkrun	Western Australia
Kalgoorlie-Boulder parkrun	Western Australia
Quinns Rocks parkrun	Western Australia
Manjimup parkrun	Western Australia
Pioneer parkrun	Western Australia
Cottesloe parkrun	Western Australia
Carine Glades parkrun	Western Australia
Geographe Bay parkrun	Western Australia
Mt Clarence parkrun	Western Australia
Bibra Lake parkrun	Western Australia
Dawesville parkrun	Western Australia
Moora parkrun	Western Australia
Kununurra parkrun	Western Australia
Champion Lakes parkrun	Western Australia
Woodbridge Riverside parkrun	Western Australia
Maylands Peninsula parkrun	Western Australia
Shelley parkrun	Western Australia
Calleya parkrun	Western Australia
Applecross parkrun	Western Australia
Port Hedland parkrun	Western Australia
Whitfords Nodes parkrun	Western Australia
Margaret River parkrun	Western Australia
Yokine parkrun	Western Australia
Wanneroo parkrun	Western Australia
Burswood Peninsula parkrun	Western Australia
Mount Helena parkrun	Western Australia
Shipwreck parkrun	Western Australia
Tamworth Wetlands parkrun	Western Australia
Perry Lakes parkrun	Western Australia
Marina parkrun	Western Australia
Collie River Trail parkrun	Western Australia
Kadina Trail parkrun	Western Australia
Mundy Regional parkrun	Western Australia
Edinburgh Oval parkrun	Western Australia
Garvey Park parkrun	Western Australia
Hampton Oval parkrun	Western Australia
Risdon Brook parkrun	Tasmania
Launceston parkrun	Tasmania
Wynyard Foreshore parkrun	Tasmania
Devonport parkrun	Tasmania
George Town parkrun	Tasmania
Windsor Precinct parkrun	Tasmania
Railton parkrun	Tasmania
Queens Domain parkrun	Tasmania
Bellerive parkrun	Tasmania
Burnie parkrun	Tasmania
Port Sorell parkrun	Tasmania
Geeveston parkrun	Tasmania
Montrose Foreshore parkrun	Tasmania
Whitemark Wharf parkrun	Tasmania
Kingston Park parkrun	Tasmania
Our Park parkrun	Tasmania
Kate Reed parkrun	Tasmania
Torrens parkrun	South Australia
Mount Barker parkrun	South Australia
Mount Gambier parkrun	South Australia
Victor Harbor parkrun	South Australia
Murray Bridge parkrun	South Australia
Port Augusta parkrun	South Australia
Gawler parkrun	South Australia
Mawson Lakes parkrun	South Australia
Clare Valley parkrun	South Australia
Lochiel parkrun	South Australia
West Beach parkrun	South Australia
Strathalbyn parkrun	South Australia
Renmark parkrun	South Australia
Christies Beach parkrun	South Australia
Cleland parkrun	South Australia
Aldinga Beach parkrun	South Australia
Nuriootpa parkrun	South Australia
Port Lincoln parkrun	South Australia
Carisbrooke parkrun	South Australia
Kangaroo Island parkrun	South Australia
Reynella East parkrun	South Australia
Port Broughton parkrun	South Australia
Largs Bay parkrun	South Australia
Moana parkrun	South Australia
Edithburgh parkrun	South Australia
Goolwa parkrun	South Australia
Jubilee Way parkrun	South Australia
Meningie parkrun	South Australia
Pakapakanthi parkrun	South Australia
Seacliff Esplanade parkrun	South Australia
Stebonheath parkrun	South Australia
Charleston parkrun, South Australia	South Australia
Naracoorte Lake parkrun	South Australia
Yeldulknie Weir Trail parkrun	South Australia
Shiraz Trail parkrun	South Australia
Thorndon junior parkrun	South Australia
South Para Reservoir parkrun	South Australia
The Avenues parkrun	South Australia
Darwin parkrun	Northern Territory
Palmerston parkrun	Northern Territory
Nightcliff parkrun	Northern Territory
Nose Hill parkrun	Alberta
Okanagan parkrun	British Columbia
Richmond Olympic parkrun	British Columbia
Saint-Paulin parkrun	Quebec
Whitby parkrun	Ontario
Beach Strip parkrun	Ontario
Whistler parkrun	British Columbia
Frédéric Back parkrun	Quebec
Bellevue parkrun	Ontario
Clover Point parkrun	British Columbia
Kanata parkrun, Ottawa	Ontario
Penticton parkrun	British Columbia
Meadowvale parkrun	Ontario
North Bay parkrun	Ontario
Victoria parkrun, Kitchener	Ontario
River Oaks parkrun	Ontario
Wascana parkrun	Saskatchewan
Kiwanis parkrun	Ontario
Orleans parkrun	Ontario
Duffins Trail parkrun	Ontario
Trout Pond parkrun	Alberta
Henderson Lake parkrun	Alberta
Chain of Lakes parkrun	Nova Scotia
Avery Beach parkrun, Huntsville	Ontario
Nautical parkrun	Ontario
Gillies Lake parkrun	Ontario
Eramosa River Trail parkrun	Ontario
River Valley parkrun, Edmonton	Alberta
Churchill Parkway parkrun	Manitoba
Sunnidale parkrun	Ontario
Snye Point parkrun	Alberta
Central parkrun, Burnaby	British Columbia
Downsview parkrun	Ontario
Strathcona Island parkrun	Alberta
Mundy parkrun	British Columbia
Breakwater parkrun	Ontario
Shawnigan Hills parkrun	British Columbia
Mendel Riverbank parkrun	Saskatchewan
Victoria parkrun, Truro	Nova Scotia
Moussette parkrun	Quebec
Outlook and District Regional parkrun	Saskatchewan
George Lane Memorial parkrun	Alberta
Angrignon parkrun	Quebec
New York Central Fitness Trail parkrun	Ontario
Amager Fælled parkrun	Capital Region
Nibe parkrun	North Denmark
Fælledparken parkrun	Capital Region
Brabrand parkrun	Central Jutland
Esbjerg parkrun	South Denmark
Vejen parkrun	South Denmark
Amager Strandpark parkrun	Capital Region
Nordre Fælled parkrun, Randers	Central Jutland
Tampere parkrun	Pirkanmaa
Tokoinranta parkrun	Uusimaa
Vääksyn kanava parkrun	Paijat-Hame
parkrun des Dougnes, Cubnezais	Nouvelle-Aquitaine
parkrun du Bois de Boulogne, Paris	Île-de-France
parkrun du Château de Pierre de Bresse	Bourgogne-Franche-Comté
parkrun de la Ramée	Occitanie
parkrun de Montsouris	Île-de-France
parkrun de Fontainebleau	Île-de-France
parkrun du Lac de Divonne	Auvergne-Rhône-Alpes
parkrun de Rouen	Normandy
Neckarau parkrun	Baden-Württemberg
Rubbenbruchsee parkrun	Lower Saxony
Georgengarten parkrun	Lower Saxony
Küchenholz parkrun	Saxony
Nidda parkrun	Hesse
Hasenheide parkrun	Berlin
Wöhrder See parkrun	Bavaria
Kräherwald parkrun	Baden-Württemberg
Seewoog parkrun	Rheinland-Pfalz
Schwanenteich parkrun	Hesse
Pieschener Allee parkrun	Saxony
Leinpfad parkrun	Saarland
Alstervorland parkrun	Hamburg
Westpark parkrun	Bavaria
Rheinaue parkrun	North Rhine-Westphalia
Aachener Weiher parkrun	North Rhine-Westphalia
Neckarufer parkrun, Esslingen	Baden-Württemberg
Luitpold parkrun	Bavaria
Volksgarten parkrun	North Rhine-Westphalia
Kiessee parkrun	Lower Saxony
Monrepos parkrun	Baden-Württemberg
Unisee parkrun	Bremen
Riemer parkrun	Bavaria
Bugasee parkrun, Kassel	Hesse
Globe parkrun	Baden-Württemberg
Ziegelwiese parkrun	Saxony-Anhalt
Speyer Leinpfad parkrun	Rheinland-Pfalz
Grüner Weg parkrun	Baden-Württemberg
Oberwald parkrun	Baden-Württemberg
Kurt-Schumacher-Promenade parkrun	Bavaria
Lahnwiesen parkrun	Hesse
Dietenbach parkrun	Baden-Württemberg
Maaraue parkrun	Hesse
Friedrichsau parkrun	Baden-Württemberg
Hockgraben parkrun	Baden-Württemberg
Kurpark parkrun	Baden-Württemberg
Offenthal parkrun	Hesse
Rheinpark parkrun	North Rhine-Westphalia
Wittelsbacher Park parkrun	Bavaria
Sportpark Rems parkrun	Baden-Württemberg
Röthelheimpark parkrun	Bavaria
Landesgartenschau Park parkrun	Bavaria
Kastanienallee parkrun	Baden-Württemberg
Dreiländergarten parkrun	Baden-Württemberg
Navan parkrun	Leinster
Malahide parkrun	Leinster
Clonakilty parkrun	Munster
Marlay parkrun	Leinster
Castle Demense parkrun	Munster
Griffeen parkrun	Leinster
St Anne's parkrun	Leinster
Westport parkrun	Connaught
Ardgillan parkrun	Leinster
Naas parkrun	Leinster
Castlebar parkrun	Connaught
Knocknacarra parkrun	Connaught
Tymon parkrun	Leinster
Oldbridge parkrun	Leinster
Waterstown parkrun	Leinster
Letterkenny parkrun	Ulster
Bere Island parkrun	Munster
Kilkenny parkrun	Leinster
Vicarstown parkrun	Leinster
Clarisford parkrun	Munster
Poppintree parkrun	Leinster
Cootehill parkrun	Ulster
Ballina parkrun	Connaught
Hartstown parkrun	Leinster
Tralee parkrun	Munster
Sligo parkrun	Connaught
Wexford Racecourse parkrun	Leinster
Lees Road parkrun	Munster
Shanganagh parkrun	Leinster
Cabinteely parkrun	Leinster
New Ross parkrun	Leinster
Dundalk parkrun	Leinster
Castleblayney parkrun	Ulster
Athlone parkrun	Leinster
Father Collins parkrun	Leinster
Donabate parkrun	Leinster
Castletown parkrun	Leinster
Porterstown parkrun	Leinster
Rush junior parkrun	Leinster
Limerick parkrun	Munster
Glengarriff parkrun	Munster
Tramore parkrun, Waterford	Munster
Falcarragh parkrun	Ulster
Castlehaven parkrun	Munster
Erris parkrun	Connaught
Vandeleur parkrun	Munster
Dungloe parkrun	Ulster
Ballina junior parkrun	Connaught
Newcastle West parkrun	Munster
Lough Key parkrun	Connaught
Mullingar parkrun	Leinster
Longford parkrun	Leinster
Albert College junior parkrun	Leinster
Ballincollig parkrun	Munster
River Valley parkrun	Leinster
Oranmore parkrun	Connaught
Gorey parkrun	Leinster
Tralee junior parkrun	Munster
Templemore parkrun	Munster
Bray junior parkrun	Leinster
Russborough parkrun	Leinster
Bushy parkrun, Dublin	Leinster
St Anne's junior parkrun	Leinster
Claremorris parkrun	Connaught
Balbriggan junior parkrun	Leinster
Tullow parkrun	Leinster
Castlerea parkrun	Connaught
Listowel parkrun	Munster
Clonmel parkrun	Munster
Longford junior parkrun	Leinster
Mountlucas parkrun	Leinster
Monaghan Town parkrun	Ulster
Fairview parkrun	Leinster
Corkagh parkrun	Leinster
Vicarstown junior parkrun	Leinster
Oranmore junior parkrun	Connaught
Buncrana parkrun	Ulster
Poolbeg parkrun	Leinster
Carlow Town parkrun	Leinster
Darndale parkrun	Leinster
Deerpark junior parkrun	Leinster
Marlay junior parkrun	Leinster
Oughterard parkrun	Connaught
Holywell junior parkrun	Leinster
Tolka Valley parkrun	Leinster
Brickfields parkrun	Leinster
Portumna parkrun	Connaught
Shelbourne junior parkrun	Munster
Avondale Forest parkrun	Leinster
Inch Beach parkrun	Munster
Cobh junior parkrun	Munster
Griffeen junior parkrun	Leinster
Strokestown parkrun	Connaught
Mungret parkrun	Munster
Heritage Park junior parkrun	Leinster
Tyrrelstown parkrun	Leinster
Deerpark parkrun, Carlanstown	Leinster
Glen River parkrun	Munster
Lough Lannagh junior parkrun	Connaught
Knockanacree Woods parkrun	Munster
Burgess junior parkrun, County Tipperary	Munster
Royal Canal parkrun, Kilcock	Leinster
Clonbur Woods parkrun	Connaught
Narin Beach parkrun	Ulster
Malahide Castle junior parkrun	Leinster
Ballincollig Regional junior parkrun	Munster
Waterford Nature parkrun	Munster
Killarney House parkrun	Munster
Deerpark Forest parkrun, Virginia	Ulster
Crosserlough junior parkrun	Ulster
Coole parkrun	Connaught
Ballyogan junior parkrun	Leinster
Arklow Duck Pond junior parkrun	Leinster
Con Smith parkrun	Ulster
Borrisokane Town parkrun	Munster
Rockfield junior parkrun	Leinster
Cherry Orchard junior parkrun	Leinster
Mallow Castle parkrun	Munster
St Mary's Campus junior parkrun	Munster
Achill Greenway parkrun	Connaught
Illaunmanagh parkrun	Munster
Beechpark junior parkrun	Leinster
Pobalscoil na Tríonóide parkrun	Munster
The Grand Canal Way parkrun, Tullamore	Leinster
Porch Field parkrun	Leinster
Dundalk IT junior parkrun	Leinster
Ringsend junior parkrun	Leinster
Uditore parkrun	Sicily
Marecchia parkrun	Emilia-Romagna
Milano Nord parkrun	Lombardy
Favorita parkrun	Sicily
Treviso parkrun	Veneto
Firenze parkrun	Tuscany
Etna parkrun	Sicily
Farfalle parkrun	Veneto
Roma Pineto parkrun	Latium
Montelepre parkrun	Sicily
Foro Italico parkrun	Sicily
Salento parkrun	Apulia
Mura di Lucca parkrun	Tuscany
Caffarella parkrun	Latium
Terme parkrun	Tuscany
Belloluogo parkrun	Apulia
La Mandria parkrun	Piedmont
Mensola parkrun	Tuscany
Futakotamagawa parkrun	Tokyo
Kashiwanoha parkrun	Chiba
Fukakitaryokuchi parkrun	Ōsaka
Oyodogawa shiminryokuchi parkrun	Miyazaki
Wataraseyusuichi parkrun	Tochigi
Horinouchi koen parkrun	Ehime
Yodogawa kasenkoen Hirakata chiku parkrun	Ōsaka
Shimanami Earthland parkrun	Ehime
Sanukikodomonokuni parkrun	Kagawa
Hirono kaigankoen parkrun	Shizuoka
Nagaragawa koen parkrun	Gifu
Odakaryokuchi parkrun	Aichi
Meijo koen parkrun	Aichi
Hikarigaoka koen parkrun	Tokyo
Kariyashi sogoundo koen parkrun	Aichi
Maborikaigan yuhodo parkrun	Kanagawa
Tsujido kaihin koen parkrun	Kanagawa
Momoi harappa koen parkrun	Tokyo
Oiso undokoen parkrun	Kanagawa
Shirahama koen parkrun	Aichi
Urayasushi sogo koen parkrun	Chiba
Hondajima parkrun	Aichi
Tamagawa chuo koen parkrun	Tokyo
Yuuka Family Road parkrun	Kumamoto
Taman Pudu Ulu parkrun	Kuala Lumpur
Presint 18 parkrun, Putrajaya	Putrajaya
Taman Tasik Danau Kota parkrun	Kuala Lumpur
Stadspark parkrun	Groningen
Kralingse Bos parkrun	South Holland
Amsterdamse Bos parkrun	North Holland
Máxima parkrun	Utrecht
Tapijn parkrun	Limburg
Goffert parkrun	Gelderland
Karpendonkse Plas parkrun	North Brabant
Kagerzoom parkrun	South Holland
Zuiderpark parkrun	South Holland
Schoterbos parkrun	North Holland
Sonsbeek parkrun	Gelderland
Lower Hutt parkrun	Wellington
Cornwall parkrun	Auckland
Barry Curtis parkrun	Auckland
Porirua parkrun	Wellington
Hamilton Lake parkrun	Waikato
Millwater parkrun	Auckland
Tauranga parkrun	Bay of Plenty
Kapiti Coast parkrun	Wellington
Western Springs parkrun	Auckland
Taupo parkrun	Waikato
Whangarei parkrun	Northland
Anderson parkrun	Hawke's Bay
Puarenga parkrun	Bay of Plenty
Cambridge NZ parkrun	Waikato
Palmerston North parkrun	Manawatu-Wanganui
Gisborne parkrun	Gisborne
East End parkrun, New Plymouth	Taranaki
Greytown Woodside Trail parkrun	Wellington
Hobsonville Point parkrun	Auckland
Flaxmere parkrun	Hawke's Bay
Whanganui Riverbank parkrun	Manawatu-Wanganui
University of Waikato parkrun	Waikato
Owairaka parkrun	Auckland
Trentham Memorial parkrun	Wellington
Dunedin parkrun	Otago
Hagley parkrun	Canterbury
Pegasus parkrun	Canterbury
Blenheim parkrun	Marlborough
Invercargill parkrun	Southland
Queenstown parkrun	Otago
Wanaka parkrun	Otago
Balclutha parkrun	Otago
Foster parkrun	Canterbury
Tøyen parkrun	Oslo
Stavanger parkrun	Rogaland
Løvstien parkrun, Bergen	Vestland
Festningen parkrun	Trøndelag
Dømmesmoen parkrun	Agder
Nansenparken parkrun	Viken
parkrun Gdynia	Pomerania
parkrun Gdańsk	Pomerania
parkrun Łódź	Łódź Voivodeship
parkrun Poznań	Greater Poland
parkrun Warszawa-Praga	Mazovia
parkrun Kraków	Lesser Poland
parkrun Wrocław	Lower Silesia
parkrun Szczecinek	West Pomerania
parkrun Żary	Lubusz
parkrun Leszno	Greater Poland
parkrun Cieszyn	Silesia
parkrun Konstancin-Jeziorna	Mazovia
parkrun Warszawa-Żoliborz	Mazovia
parkrun Kalisz	Greater Poland
parkrun Warszawa-Ursynów	Mazovia
parkrun Warszawa-Bródno	Mazovia
parkrun Świnoujście	West Pomerania
parkrun Pruszków	Mazovia
parkrun Kędzierzyn-Koźle	Opole Voivodeship
parkrun Bydgoszcz	Kujawsko-Pomorskie
parkrun Chrzanów	Lesser Poland
parkrun Kołobrzeg	West Pomerania
parkrun Rumia	Pomerania
parkrun Jelenia Góra	Lower Silesia
parkrun Opole	Opole Voivodeship
parkrun Lubin	Lower Silesia
parkrun Skierniewice	Łódź Voivodeship
parkrun Wolbrom	Lesser Poland
parkrun Toruń	Kujawsko-Pomorskie
parkrun Gostyń	Greater Poland
parkrun Szczecin	West Pomerania
parkrun Augustów	Podlasie
parkrun Pabianice	Łódź Voivodeship
parkrun Tczew	Pomerania
parkrun Katowice	Silesia
parkrun Białystok	Podlasie
parkrun Gdańsk-Południe	Pomerania
parkrun Jabłonna	Mazovia
parkrun Ełk	Warmia-Masuria
parkrun Świdwin	West Pomerania
parkrun Rzeszów	Subcarpathia
parkrun Tychy	Silesia
parkrun Kutno	Łódź Voivodeship
parkrun Grodzisk Mazowiecki	Mazovia
parkrun Działdowo	Warmia-Masuria
parkrun Dąbrówka	Greater Poland
parkrun Kościan	Greater Poland
parkrun Głogów	Lower Silesia
parkrun Gorzów Wielkopolski	Lubusz
parkrun Olsztyn	Warmia-Masuria
parkrun Koszalin	West Pomerania
parkrun Skórzec	Mazovia
parkrun Charzykowy	Pomerania
parkrun Chełm	Lublin
parkrun Zielona Góra	Lubusz
parkrun Grudziądz	Kujawsko-Pomorskie
parkrun Dzierzgoń	Pomerania
parkrun Jezioro Górne, Kętrzyn	Warmia-Masuria
parkrun Pole Mokotowskie	Mazovia
parkrun Park Zdrojowy, Kudowa-Zdrój	Lower Silesia
parkrun Park na Wyspie, Piła	Greater Poland
parkrun Jezioro Swarzędzkie	Greater Poland
parkrun Słodowo, Włocławek	Kujawsko-Pomorskie
parkrun Jezioro Zatorze, Konin	Greater Poland
parkrun Las Aniołowski	Silesia
parkrun Park Miejski, Wejherowo	Pomerania
parkrun Zamek w Malborku	Pomerania
parkrun Ogród Saski, Lublin	Lublin
parkrun Szubianki, Zagórów	Greater Poland
parkrun Mały Jeziorak	Warmia-Masuria
parkrun Park im. Jana Pawła II	Lublin
parkrun Zalew Żyrardowski	Mazovia
parkrun Rezerwat Strzelnica	Pomerania
parkrun Bulwar nad Wisłą	Silesia
parkrun Park Modrzewie	Warmia-Masuria
parkrun Park Radolińskich	Greater Poland
parkrun Puszcza Niepołomicka	Lesser Poland
parkrun Ekomarina	Warmia-Masuria
parkrun Las Dębiński	Greater Poland
parkrun Kolomenskoe	Moscow
parkrun Severnoe Tushino	Moscow
parkrun Gorky Park	Moscow
parkrun Izmailovo	Moscow
parkrun Mitino	Moscow Oblast
parkrun Timiryazevsky	Moscow
parkrun Zelenograd	Moscow
parkrun Bitsa	Moscow
parkrun Krylatskoe	Moscow
parkrun Tsaritsyno	Moscow
parkrun Butovo	Moscow
parkrun Sokolniki	Moscow
parkrun Vernadskogo	Moscow
parkrun Kuzminki	Moscow
parkrun Olimpiyskaya Derevnya	Moscow
parkrun Druzhba	Moscow
parkrun Babushkinsky na Yauze	Moscow
parkrun Chertanovo Pokrovsky Park	Moscow
parkrun Angarskie Prudy	Moscow
parkrun Pokrovskoe-Streshnevo	Moscow
parkrun Mikhalkovo	Moscow
parkrun Stavropol	Stavropol’ Kray
parkrun Elagin Ostrov	St.-Petersburg
parkrun Sosnovka	St.-Petersburg
parkrun Moskovsky Park Pobedy	St.-Petersburg
parkrun Kolpino	St.-Petersburg
parkrun Mega Park Kudrovo	Leningradskaya Oblast'
parkrun Shuvalovsky Park	St.-Petersburg
parkrun Pushkin	St.-Petersburg
parkrun Petergof Aleksandriysky	St.-Petersburg
parkrun Internatsionalistov	St.-Petersburg
parkrun Ryazan Central	Ryazan Oblast
parkrun Strelka	Jaroslavl
parkrun Tambov	Tambov
parkrun Tula Central	Tula
parkrun Kimry	Tver’ Oblast
parkrun Obninsk	Kaluga
parkrun Voronezh Central Park	Voronezj
parkrun Ryazan Oreshek	Ryazan Oblast
parkrun Readovsky Park	Smolenskaya Oblast’
parkrun Belgorod Park Pobedy	Belgorod Oblast
parkrun Kolchugino City Park	Vladimir
parkrun Starye Sady	Vladimir
parkrun Noginsk Gorodskoy Park	Moscow Oblast
parkrun Memorialny Park	Orel Oblast
parkrun Boeva Dacha	Kursk
parkrun Gubernsky Park	Kaluga
parkrun Fili	Moscow
parkrun Tver Rechnoy Vokzal	Tver’ Oblast
parkrun Kazan Central	Tatarstan Republic
parkrun Ufa Botanichesky Sad	Bashkortostan Republic
parkrun Perm Balatovo	Perm
parkrun Samara Park Gagarina	Samara Oblast
parkrun Cheboksary naberezhnaya	Chuvashia
parkrun Orsk Park Stroiteley	Orenburg Oblast
parkrun Nizhny Novgorod Meshchersky	Nizhny Novgorod Oblast
parkrun Park Guskova	Orenburg Oblast
parkrun Park Kirova	Udmurtiya Republic
parkrun Gorodskoy Park Semya	Tatarstan Republic
parkrun Yoshkar-Ola Alleya Zdorovya	Mariy-El Republic
parkrun Yarmarochnaya Ploshchad	Tatarstan Republic
parkrun Buzuluk Park Pushkina	Orenburg Oblast
parkrun Chelyabinsk	Chelyabinsk
parkrun Chelyabinsk Ekopark	Chelyabinsk
parkrun Zatyumensky	Tyumen’ Oblast
parkrun Kurgan Central Park	Kurgan Oblast
parkrun Plotinka	Sverdlovsk
parkrun Volgograd Panorama	Volgograd Oblast
parkrun Rostov on Don	Rostov
parkrun Solnechny ostrov	Krasnodarskiy
parkrun Maykop Gorodskoy Park	Adygeya Republic
parkrun Petrovskaya naberezhnaya	Astrakhan
parkrun Novosibirsk naberezhnaya	Novosibirsk Oblast
parkrun Skver Dzerzhinskogo	Omsk
parkrun Krasnoyarsk Naberezhnaya	Krasnoyarskiy
parkrun Tomsk Stadion Polytechnic	Tomsk Oblast
parkrun Strezhevoy Gorodskoy Park	Tomsk Oblast
parkrun Komsomolsky	Kemerovo Oblast
parkrun Meshchersky	Moscow Oblast
parkrun Zhukovsky	Moscow Oblast
parkrun Dolgoprudny	Moscow Oblast
parkrun Khimki	Moscow Oblast
parkrun Pavlovsky Posad	Moscow Oblast
parkrun Korolev	Moscow Oblast
parkrun Balashikha Zarechnaya	Moscow Oblast
parkrun Natashinsky	Moscow Oblast
parkrun Serpukhov Gorodskoy Bor	Moscow Oblast
parkrun Ramenskoe Gorodskoy Park	Moscow Oblast
parkrun Lesopark Severny	Moscow Oblast
parkrun Lobnya Gorodskoy Park	Moscow Oblast
parkrun Park Talalikhina	Moscow
parkrun Mytishchi Central Park	Moscow Oblast
parkrun Filatov Lug	Moscow
parkrun Yakutsk Dokhsun	Sakha
parkrun Gatchina Prioratsky	Leningradskaya Oblast'
parkrun Velikiy Novgorod Kremlevsky	Novgorod Oblast
parkrun Naberezhnaya Reki Velikoy	Pskov Oblast
parkrun Nizhny Prud	Kaliningrad
parkrun Pur-Navolok	Arkhangelskaya
East Coast Park parkrun	Singapore
West Coast Park parkrun	Singapore
Bishan parkrun	Singapore
Bedok Reservoir parkrun	Singapore
Delta parkrun	Gauteng
Modderfontein Reserve parkrun	Gauteng
Woodlands parkrun	Gauteng
Bryanston parkrun	Gauteng
Rietvlei parkrun, JHB South	Gauteng
Lonehill parkrun	Gauteng
Alberts Farm parkrun	Gauteng
Golden Harvest parkrun	Gauteng
Westbury parkrun	Gauteng
Lanseria parkrun	Gauteng
Ernest Ullmann parkrun	Gauteng
Bezuidenhout parkrun	Gauteng
Atholl parkrun	Gauteng
Waterfall parkrun	Gauteng
Wits parkrun	Gauteng
Rose parkrun, Lenasia	Gauteng
Bosmont Stadium parkrun	Gauteng
Bells Inn parkrun	Gauteng
Doornkop Military Base parkrun	Gauteng
Gracepoint parkrun	Gauteng
Voortrekker Monument parkrun, Pretoria	Gauteng
Laudium parkrun	Gauteng
Botanical Garden parkrun	Gauteng
Valhalla parkrun	Gauteng
Bronberrik parkrun	Gauteng
Hillside parkrun	Gauteng
Roses parkrun	Gauteng
Bronkhorstspruit parkrun	Gauteng
Hazeldean Farm parkrun	Gauteng
Upington parkrun	Northern Cape
Kimberley parkrun	Northern Cape
Springbok parkrun	Northern Cape
Kathu parkrun	Northern Cape
Aggeneys parkrun	Northern Cape
Loxton parkrun	Northern Cape
The Venue parkrun	Northern Cape
Sutherland parkrun	Northern Cape
Prieska parkrun	Northern Cape
Uvongo parkrun	KwaZulu-Natal
North Beach parkrun	KwaZulu-Natal
Amanzimtoti parkrun	KwaZulu-Natal
Umhlanga parkrun	KwaZulu-Natal
Ballito parkrun	KwaZulu-Natal
Richards Bay parkrun	KwaZulu-Natal
Umdoni parkrun	KwaZulu-Natal
KwaMashu parkrun	KwaZulu-Natal
Tinley Manor parkrun	KwaZulu-Natal
Umfolozi parkrun	KwaZulu-Natal
Durban Point parkrun	KwaZulu-Natal
Blue Lagoon parkrun	KwaZulu-Natal
Hluhluwe parkrun	KwaZulu-Natal
Dusi parkrun	KwaZulu-Natal
Shongweni parkrun	KwaZulu-Natal
Cannibals Cave parkrun	KwaZulu-Natal
Piggly Wiggly parkrun	KwaZulu-Natal
Pongola parkrun	KwaZulu-Natal
Grey Goose parkrun	KwaZulu-Natal
Thousand Hills parkrun	KwaZulu-Natal
Winterton parkrun	KwaZulu-Natal
Ladysmith parkrun	KwaZulu-Natal
Nottingham Road parkrun	KwaZulu-Natal
Westville parkrun	KwaZulu-Natal
Ashburton parkrun	KwaZulu-Natal
Vryheid parkrun	KwaZulu-Natal
Hilton parkrun	KwaZulu-Natal
Polokwane parkrun	Limpopo
Mogol parkrun	Limpopo
Leeupoort parkrun	Limpopo
Modimolle parkrun	Limpopo
Louis Trichardt parkrun	Limpopo
Doornhoek Farm parkrun	Limpopo
Kameeldoring parkrun	Limpopo
Tzaneen parkrun	Limpopo
Halls parkrun, Nelspruit	Mpumalanga
White River parkrun	Mpumalanga
Nkomazi parkrun	Mpumalanga
Hoedspruit parkrun	Limpopo
Hazyview parkrun	Mpumalanga
Barberton parkrun	Mpumalanga
Jock Trail parkrun	Mpumalanga
Mashishing parkrun	Mpumalanga
Middelburg parkrun	Mpumalanga
Secunda parkrun	Mpumalanga
Witbank parkrun	Mpumalanga
Dullstroom parkrun	Mpumalanga
Standerton parkrun	Mpumalanga
Kralinbergh parkrun	Mpumalanga
Red Star parkrun	Mpumalanga
Piet Retief parkrun	Mpumalanga
Weavers Country Estate parkrun	Mpumalanga
Parys parkrun	Orange Free State
Harrismith parkrun	Orange Free State
Heron Banks parkrun	Orange Free State
Ladybrand parkrun	Orange Free State
Ventersburg parkrun	Orange Free State
Langenhoven parkrun	Orange Free State
Kroonstad parkrun	Orange Free State
Welkom parkrun	Orange Free State
Heidedal parkrun	Orange Free State
Bethlehem parkrun	Orange Free State
Jacobsdal parkrun	Orange Free State
Vrede parkrun	Orange Free State
Hoopstad parkrun	Orange Free State
Sand River parkrun, Virginia	Orange Free State
Senekal parkrun	Orange Free State
Ficksburg parkrun	Orange Free State
Clarens parkrun	Orange Free State
Brandkop parkrun	Orange Free State
Steynsrus Showground parkrun	Orange Free State
Potchefstroom parkrun	North-West
Lebone parkrun	North-West
Hartbeespoort parkrun	North-West
Koster parkrun	North-West
Christiana parkrun	North-West
Vryburg parkrun	North-West
Bloemhof parkrun	North-West
Goodwill parkrun	North-West
Lichtenburg Raceway parkrun	North-West
Matlosana Bird parkrun	North-West
Nahoon Point parkrun	Eastern Cape
Sunrise-on-Sea parkrun	Eastern Cape
Kidds Beach parkrun	Eastern Cape
PE Hobie Beach parkrun	Eastern Cape
St Francis parkrun	Eastern Cape
Port Alfred parkrun	Eastern Cape
Lady Slipper parkrun	Eastern Cape
Sardinia Bay parkrun	Eastern Cape
Jeffreys Bay parkrun	Eastern Cape
iMonti parkrun	Eastern Cape
Wells Estate parkrun	Eastern Cape
Kei Mouth parkrun	Eastern Cape
Adrenalin Addo parkrun	Eastern Cape
Langebaan parkrun	Western Cape
Malmesbury parkrun	Western Cape
Vredendal parkrun	Western Cape
Yzerfontein parkrun	Western Cape
Rondebosch Common parkrun	Western Cape
Big Bay parkrun	Western Cape
Greenpoint parkrun	Western Cape
Fish Hoek parkrun	Western Cape
Century City parkrun	Western Cape
Bellville parkrun	Western Cape
Durbanville parkrun	Western Cape
Constantia Greenbelt parkrun	Western Cape
Zandvlei parkrun	Western Cape
Mitchells Plain parkrun	Western Cape
Bridgetown parkrun	Western Cape
Hout Bay parkrun	Western Cape
Melkbosstrand parkrun	Western Cape
Mofolo parkrun	Gauteng
Mapetla parkrun	Gauteng
Root 44 parkrun	Western Cape
Wellington parkrun	Western Cape
Paarl parkrun	Western Cape
Franschhoek parkrun	Western Cape
Somerset West parkrun	Western Cape
Breede Valley parkrun	Western Cape
Kayamandi parkrun	Western Cape
Ceres parkrun	Western Cape
Robertson parkrun	Western Cape
Duikersdrift parkrun, Tulbagh	Western Cape
Strand Beach parkrun	Western Cape
Swakopmund parkrun	Erongo
Walvis Bay parkrun	Erongo
Windhoek parkrun	Khomas
Omeya parkrun	Khomas
Mbabane parkrun	Hhohho
Grahamstown parkrun	Eastern Cape
Stutterheim parkrun	Eastern Cape
Aliwal North parkrun	Eastern Cape
Hogsback parkrun	Eastern Cape
Komani parkrun	Eastern Cape
Mthatha parkrun	Eastern Cape
Mountain Drive parkrun, Graaff-Reinet	Eastern Cape
Alice Campus parkrun, University of Fort Hare	Eastern Cape
Meyerton parkrun	Gauteng
Vaal Marina parkrun	Gauteng
Drumblade parkrun	Gauteng
Riviera on Vaal parkrun	Gauteng
Silveroaks parkrun	Gauteng
Phoenix Park parkrun	Gauteng
Roodepoort parkrun	Gauteng
Kraalkop parkrun	Gauteng
Ruimsig parkrun	Gauteng
Sterkfontein parkrun	Gauteng
Westonaria parkrun	Gauteng
Randfontein parkrun	Gauteng
George parkrun	Western Cape
Knysna parkrun	Western Cape
Harkerville parkrun	Western Cape
Outeniquasbosch parkrun	Western Cape
Oudtshoorn parkrun	Western Cape
Prince Albert parkrun	Western Cape
Hermanus parkrun	Western Cape
Swellendam parkrun	Western Cape
Betty's Bay parkrun	Western Cape
Grabouw parkrun	Western Cape
Bredasdorp parkrun	Western Cape
Villiersdorp parkrun	Western Cape
Groeneweide parkrun	Western Cape
Ebotse parkrun	Gauteng
Boksburg parkrun	Gauteng
Gilloolys parkrun	Gauteng
Victoria Lake parkrun	Gauteng
Midstream parkrun	Gauteng
Springs parkrun	Gauteng
Rondebult parkrun	Gauteng
Brakpan parkrun	Gauteng
Atlasville parkrun	Gauteng
Bulithando parkrun	Gauteng
Edenvale parkrun	Gauteng
Meyers Farm parkrun	Gauteng
Homestead Lake parkrun	Gauteng
Tsakane Wetlands parkrun	Gauteng
Ferryvale parkrun	Gauteng
Riverfields parkrun	Gauteng
Leeupan parkrun	Gauteng
Greenstone Hill parkrun	Gauteng
Kwanele parkrun	Gauteng
Haga parkrun	Stockholm
Örebro parkrun	Örebro
Huddinge parkrun	Stockholm
Skatås parkrun	Västra Götaland
Kungsängen parkrun	Stockholm
Malmö Ribersborg parkrun	Skåne
Uppsala parkrun	Uppsala
Vallaskogen parkrun	Östergötland
Växjösjön parkrun	Kronoberg
Norre Katts parkrun	Halland
Badhusparken parkrun	Jämtland
Pollok parkrun, Glasgow	Scotland
Edinburgh parkrun	Scotland
Rouken Glen junior parkrun	Scotland
Aberdeen parkrun	Scotland
Plean parkrun	Scotland
The Meadows junior parkrun	Scotland
Aviemore parkrun	Scotland
Strathclyde parkrun	Scotland
Camperdown parkrun, Dundee	Scotland
Eglinton parkrun	Scotland
Greenock parkrun	Scotland
Stonehaven parkrun	Scotland
Falkirk parkrun	Scotland
Inverleith junior parkrun	Scotland
Montrose parkrun	Scotland
Perth parkrun	Scotland
St Andrews parkrun	Scotland
Inverness parkrun	Scotland
Duthie junior parkrun	Scotland
Loch Leven junior parkrun	Scotland
Dumfries junior parkrun	Scotland
Troon parkrun	Scotland
Vogrie parkrun	Scotland
Ayr parkrun	Scotland
Bressay parkrun	Scotland
Livingston parkrun	Scotland
Helix junior parkrun	Scotland
Linwood parkrun	Scotland
Strathmartine junior parkrun	Scotland
Crichton parkrun	Scotland
Ganavan Sands parkrun	Scotland
Tollcross parkrun, Glasgow	Scotland
Victoria parkrun, Glasgow	Scotland
Hazlehead parkrun, Aberdeen	Scotland
Alness parkrun	Scotland
Ruchill parkrun	Scotland
Kirkcaldy parkrun	Scotland
Springburn parkrun, Glasgow	Scotland
Portobello parkrun, Edinburgh	Scotland
Stirling junior parkrun	Scotland
Victoria junior parkrun, Glasgow	Scotland
Dunfermline parkrun	Scotland
Ellon parkrun	Scotland
Perth junior parkrun	Scotland
Elgin parkrun	Scotland
Drumchapel parkrun	Scotland
Prestwick Oval junior parkrun	Scotland
Jacks Road junior parkrun	Scotland
Thurso parkrun	Scotland
Fort William parkrun	Scotland
Kirkwall parkrun	Scotland
Lochore Meadows parkrun	Scotland
Barshaw junior parkrun	Scotland
Girvan Prom parkrun	Scotland
Lanark Moor parkrun	Scotland
Loch Leven parkrun	Scotland
Hay Lodge parkrun	Scotland
Crathes Castle parkrun	Scotland
Meadowmill parkrun	Scotland
Lochend Woods parkrun	Scotland
MacRosty junior parkrun	Scotland
Polkemmet Country parkrun	Scotland
Duloch junior parkrun	Scotland
Drumpellier Country parkrun	Scotland
Dean Castle Country Park parkrun	Scotland
Mount Stuart parkrun	Scotland
University of Stirling parkrun	Scotland
Ury Riverside parkrun	Scotland
Queen's parkrun, Glasgow	Scotland
Oriam parkrun	Scotland
Agnew parkrun	Scotland
Levengrove parkrun	Scotland
Battery Park junior parkrun	Scotland
Lews Castle parkrun	Scotland
Wallaceneuk parkrun	Scotland
Drumpellier junior parkrun	Scotland
Faskally Forest parkrun	Scotland
Elder Park junior parkrun	Scotland
Bankton Mains Park junior parkrun	Scotland
Bramhall parkrun	England
Heaton parkrun	England
Woodbank parkrun	England
South Manchester parkrun	England
Preston parkrun	England
Hyndburn parkrun	England
Keswick junior parkrun	England
Skelmersdale junior parkrun	England
Oldham parkrun	England
Millom parkrun	England
Hyde parkrun	England
Phoenix parkrun	England
Knowsley parkrun	England
St Helens parkrun	England
Widnes junior parkrun	England
Burnley junior parkrun	England
Carlisle parkrun	England
Clitheroe Castle junior parkrun	England
Avenham Park junior parkrun	England
Queen's Park junior parkrun, Rochdale	England
Warrington parkrun	England
Southport parkrun	England
Queen's Park junior parkrun, Bolton	England
Congleton parkrun	England
Salford junior parkrun	England
Chester parkrun	England
Pennington Flash parkrun	England
Princes parkrun, Liverpool	England
Stanley Park junior parkrun	England
Bolton parkrun	England
Barrow parkrun	England
Wythenshawe parkrun	England
Worsley Woods parkrun	England
Marple parkrun	England
Burnley parkrun	England
Burnage parkrun	England
Delamere parkrun	England
Workington parkrun	England
Cuerden Valley parkrun	England
Hyde junior parkrun	England
Penrith parkrun	England
Ormskirk parkrun	England
Lyme Park parkrun	England
Keswick parkrun	England
Marple junior parkrun	England
Pendle parkrun	England
Cheadle Hulme parkrun	England
Watergrove parkrun, Rochdale	England
South Manchester junior parkrun	England
Whinlatter Forest parkrun	England
Fell Foot parkrun, Newby Bridge	England
Ellesmere Port parkrun	England
Widnes parkrun	England
Croxteth Hall parkrun	England
Wilmslow parkrun	England
Stamford Park parkrun	England
Birkenhead parkrun	England
Wilmslow junior parkrun	England
Witton parkrun	England
Haigh Woodland parkrun	England
Stretford parkrun	England
Crosby parkrun	England
Lytham Hall parkrun	England
Warrington junior parkrun	England
Lancaster parkrun	England
Northwich junior parkrun	England
Chadderton Hall parkrun	England
Carlisle junior parkrun	England
Alexandra junior parkrun, Oldham	England
Sale Water parkrun	England
Blackpool parkrun	England
Park View junior parkrun	England
Barrow junior parkrun	England
Crewe parkrun	England
Ramsbottom junior parkrun	England
Macclesfield parkrun	England
Northwich parkrun	England
Uppermill junior parkrun	England
Clitheroe Castle parkrun	England
Whitehaven parkrun	England
Fleetwood Promenade parkrun	England
Wirral Country Park junior parkrun	England
Seymour Park junior parkrun	England
Alexandra junior parkrun, Moss Side	England
Ford parkrun	England
Milnrow Memorial Park junior parkrun	England
Fletcher Moss parkrun	England
Victoria junior parkrun, Macclesfield	England
Kew Woods parkrun	England
Morecambe Prom parkrun	England
Leigh junior parkrun	England
Peel Park junior parkrun, Little Hulton	England
The Mystery junior parkrun, Wavertree	England
The Wirral Way junior parkrun, Parkgate	England
Tawd Valley parkrun	England
Padiham Greenway junior parkrun	England
Phoenix junior parkrun	England
Alexandra parkrun, Moss Side	England
Sutton Manor parkrun	England
Gardenhurst Estate junior parkrun	England
Derby Park junior parkrun	England
Worden Park junior parkrun	England
Rothay Park parkrun	England
Peel parkrun	England
Bower Park parkrun	England
Queens Park junior parkrun, Crewe	England
Castle Park junior parkrun	England
Victoria junior parkrun, St Helens	England
Albert parkrun, Middlesbrough	England
Silksworth parkrun	England
Newcastle parkrun	England
Prudhoe Riverside parkrun	England
Hemlington Lake junior parkrun	England
Whitley Bay parkrun	England
Durham parkrun	England
Gateshead parkrun	England
Rossmere junior parkrun	England
Windy Nook parkrun	England
Billingham junior parkrun	England
Durham City junior parkrun	England
Sedgefield parkrun	England
Redcar parkrun	England
Prudhoe Riverside junior parkrun	England
Blackhill parkrun	England
Riverside parkrun	England
Tees Barrage parkrun	England
Stewart parkrun, Middlesbrough	England
Darlington South Park parkrun	England
South Shields parkrun	England
Hackworth parkrun	England
Hartlepool parkrun	England
Newbiggin-by-the-Sea parkrun	England
Flatts Lane parkrun	England
Gibside parkrun	England
Rising Sun parkrun	England
Druridge Bay parkrun	England
Whitley Bay junior parkrun	England
Sedgefield junior parkrun	England
Town Moor junior parkrun	England
Redcar junior parkrun	England
Cotsford Fields parkrun	England
South Park junior parkrun	England
The Pastures parkrun	England
Riverside junior parkrun	England
Marshall Drive parkrun, Brotton	England
Tyne Green parkrun	England
Blyth Links parkrun	England
Herrington Country parkrun	England
Leazes parkrun	England
Saltwell junior parkrun	England
Jesmond Dene parkrun	England
Jubilee parkrun	England
Carlisle Park parkrun	England
Bushy parkrun	England
Wimbledon Common parkrun	England
Richmond parkrun	England
Bedfont Lakes parkrun	England
Roundshaw Downs parkrun	England
Finsbury parkrun	England
Bromley parkrun	England
Bexley parkrun	England
Harrow parkrun	England
Lloyd junior parkrun	England
Grovelands parkrun, Enfield	England
Hackney Marshes parkrun	England
Greenwich parkrun	England
Old Deer Park parkrun	England
Hampstead Heath parkrun	England
Kingston parkrun	England
Brockwell parkrun, Herne Hill	England
Queen's Park junior parkrun, London	England
Beckenham Place parkrun	England
Highbury Fields parkrun	England
Osterley junior parkrun	England
Laleham junior parkrun	England
Crystal Palace parkrun	England
London Fields junior parkrun	England
Valentines parkrun	England
Oak Hill parkrun	England
Lloyd parkrun, Croydon	England
Gunnersbury parkrun	England
Bushy junior parkrun	England
South Norwood parkrun	England
Wanstead Flats parkrun	England
Riddlesdown parkrun	England
Acton junior parkrun	England
Pymmes parkrun	England
Crystal Palace junior parkrun	England
Raphael parkrun	England
Ally Pally parkrun	England
Wormwood Scrubs parkrun	England
Hoblingwell parkrun	England
Mile End parkrun	England
Dulwich parkrun	England
Hilly Fields junior parkrun	England
Beckton parkrun	England
Gladstone parkrun	England
Crane Park parkrun	England
Hilly Fields parkrun	England
Burgess parkrun	England
Orpington parkrun	England
Barking parkrun	England
Harrow Lodge parkrun	England
Walthamstow parkrun	England
Southwark parkrun	England
Canons Park parkrun	England
Osterley parkrun	England
Fulham Palace parkrun	England
Northala Fields parkrun	England
Wimbledon Park junior parkrun	England
Harrow Lodge junior parkrun	England
Barking and Dagenham junior parkrun	England
Brockwell junior parkrun	England
Mile End junior parkrun	England
Peckham Rye parkrun	England
Burgess junior parkrun	England
Pitshanger junior parkrun	England
Highbury Fields junior parkrun	England
Lesnes Abbey Woods junior parkrun	England
Bromley junior parkrun	England
Moormead junior parkrun	England
Surbiton junior parkrun	England
Tooting Common parkrun	England
Eltham junior parkrun	England
Hanworth junior parkrun	England
Victoria Dock parkrun	England
Priory Park junior parkrun	England
Clapham Common parkrun	England
Catford parkrun	England
Friary Park junior parkrun	England
Foots Cray Meadows parkrun	England
Kenton Rec junior parkrun	England
Leyton Jubilee junior parkrun	England
Sunny Hill parkrun	England
Tooting Common junior parkrun	England
Hanworth parkrun	England
Bethlem Royal Hospital parkrun	England
Northala Fields junior parkrun	England
Hoblingwell junior parkrun	England
Caledonian junior parkrun	England
Enfield Town junior parkrun	England
Latchmere Rec junior parkrun	England
Gorleston Cliffs parkrun	England
Hadleigh parkrun, Essex	England
Brentwood junior parkrun	England
Luton Wardown parkrun	England
Basildon parkrun	England
Beehive junior parkrun	England
Houghton Hall junior parkrun	England
Central Park junior parkrun	England
Ipswich parkrun	England
Bedford junior parkrun	England
St Albans parkrun	England
Norwich parkrun	England
Roding Valley parkrun	England
Bedford parkrun	England
Rickmansworth parkrun	England
Cambridge parkrun	England
Harlow junior parkrun	England
Leighton Buzzard junior parkrun	England
Colchester Castle parkrun	England
Burnham-on-Crouch parkrun	England
Westmill parkrun	England
Stevenage junior parkrun	England
Leavesden junior parkrun	England
Jubilee junior parkrun	England
Bury St Edmunds parkrun	England
Ferry Meadows parkrun	England
Maldon Prom parkrun	England
Billericay parkrun	England
Stevenage parkrun	England
Gunpowder parkrun	England
King's Lynn parkrun	England
Colney Lane parkrun	England
Southend parkrun	England
Houghton Hall parkrun	England
Gadebridge parkrun	England
Pinehill junior parkrun	England
Sheringham parkrun	England
Kesgrave junior parkrun	England
Chelmsford Central parkrun	England
Wimpole Estate parkrun	England
Huntingdon parkrun	England
Brandon Country Park parkrun	England
Thetford parkrun	England
Hawkwell junior parkrun	England
Clacton Seafront parkrun	England
Clare Castle parkrun	England
Brentwood parkrun	England
Catton parkrun	England
Blickling parkrun	England
Bury St Edmunds junior parkrun	England
Great Cornard parkrun	England
Chelmsford junior parkrun	England
Great Notley parkrun	England
Cambridge junior parkrun	England
Ipswich junior parkrun	England
Kesgrave parkrun	England
Panshanger parkrun	England
Harlow parkrun	England
Tring parkrun	England
Hockley Woods parkrun	England
South Oxhey parkrun	England
Cassiobury parkrun	England
Wimpole Estate junior parkrun	England
Eaton junior parkrun	England
Barclay parkrun	England
Brundall parkrun	England
Aldenham parkrun	England
Great Notley junior parkrun	England
Lowestoft parkrun	England
Harwich parkrun	England
Great Cornard junior parkrun	England
Thurrock parkrun, Orsett Heath	England
Holkham parkrun	England
Colchester junior parkrun	England
Maldon Prom junior parkrun	England
March parkrun	England
Ellenbrook Fields parkrun	England
Gorleston junior parkrun	England
Mersea Island parkrun	England
Cheshunt junior parkrun	England
Castle Park parkrun	England
Hertford junior parkrun	England
Letchworth parkrun	England
South Woodham Ferrers parkrun	England
Great Denham parkrun	England
Haverhill parkrun	England
King's Lynn junior parkrun	England
Felixstowe parkrun	England
Great Dunmow parkrun	England
Wisbech junior parkrun	England
Swaffham parkrun	England
Wardown junior parkrun	England
Pocket parkrun	England
Littleport parkrun	England
Cliff Park junior parkrun	England
Manor Field parkrun, Whittlesey	England
Sizewell parkrun	England
King George junior parkrun	England
Coldham's Common parkrun	England
Roding Valley junior parkrun	England
Jersey Farm parkrun	England
Grange Paddocks junior parkrun	England
Loch Neaton parkrun, Watton	England
Dunstable Downs parkrun	England
Highwoods parkrun	England
Lingwood parkrun	England
Millennium Country parkrun, Forest of Marston Vale	England
Verulamium junior parkrun	England
Sloughbottom parkrun	England
Thomas Mills parkrun	England
Riverside junior parkrun, St Neots	England
Lea Bridges junior parkrun	England
Felixstowe Prom junior parkrun	England
Lake Meadows junior parkrun	England
Coldham's Common junior parkrun	England
Hunstanton Promenade parkrun	England
Breckland Leisure Centre junior parkrun	England
Soham Village College parkrun	England
Fulbourn Hospital parkrun	England
Northlands junior parkrun	England
Great Yarmouth North Beach parkrun	England
Wickford Memorial parkrun	England
Chalkwell Beach parkrun	England
West End junior parkrun	England
Henlow Bridge Lakes parkrun	England
Cambourne junior parkrun	England
Gadebridge Park junior parkrun	England
Chilton Fields parkrun	England
Cardiff parkrun	Wales
Penallta junior parkrun	Wales
Riverfront parkrun	Wales
Llanelli Coast parkrun	Wales
Newtown parkrun	Wales
Gnoll junior parkrun	Wales
Merthyr parkrun	Wales
Newport parkrun	Wales
Maesteg parkrun	Wales
Llanelli Coast junior parkrun	Wales
Bryn Bach junior parkrun	Wales
Bryn Bach parkrun	Wales
Aberystwyth parkrun	Wales
Llyn Llech Owain parkrun	Wales
Pontypridd parkrun	Wales
Porthcawl parkrun	Wales
Barry junior parkrun	Wales
Penallta parkrun	Wales
Haverfordwest parkrun	Wales
Pontypool parkrun	Wales
Newport junior parkrun	Wales
Colby parkrun	Wales
Penrhyn parkrun	Wales
Conwy parkrun	Wales
Pontypool junior parkrun	Wales
Cardiff junior parkrun	Wales
Barry Island parkrun	Wales
Aberystwyth junior parkrun	Wales
Bridgend junior parkrun	Wales
Swansea Bay parkrun	Wales
Grangemoor parkrun	Wales
Gnoll parkrun	Wales
Dolgellau parkrun	Wales
Wepre parkrun	Wales
Erddig parkrun	Wales
Carmarthen junior parkrun	Wales
Cwmbran parkrun	Wales
Rogiet parkrun	Wales
Llanerchaeron parkrun	Wales
Pontypridd junior parkrun	Wales
Aberdare parkrun	Wales
Alyn Waters junior parkrun	Wales
Newborough Forest parkrun	Wales
Severn Bridge parkrun	Wales
Nant y Pandy parkrun	Wales
Prestatyn Prom junior parkrun	Wales
Aberbeeg parkrun	Wales
Hafan Pwllheli parkrun	Wales
Groe parkrun	Wales
Pont y Bala parkrun	Wales
Milford Waterfront parkrun	Wales
Brynaman parkrun	Wales
Bailey junior parkrun	Wales
Tremorfa parkrun	Wales
Conwy Nature Reserve junior parkrun	Wales
Dixton junior parkrun, Monmouth	Wales
Nova Prestatyn parkrun	Wales
Cosmeston Lakes parkrun	Wales
Rogiet junior parkrun	Wales
Coed Cefn-pwll-du parkrun	Wales
Swansea Prom junior parkrun	Wales
Trelai Park parkrun	Wales
Greenfield Valley parkrun	Wales
Colwick parkrun	England
Braunstone parkrun	England
Bestwood Village parkrun	England
Shipley Country parkrun	England
Boston parkrun	England
Lincoln parkrun	England
Rosliston parkrun	England
Mansfield parkrun	England
Northampton parkrun	England
Markeaton parkrun	England
Gainsborough parkrun	England
Brierley Forest parkrun	England
Kettering parkrun	England
Market Harborough parkrun	England
Long Eaton parkrun	England
Conkers parkrun	England
Forest Rec junior parkrun	England
Market Harborough junior parkrun	England
Rushcliffe parkrun	England
Forest Rec parkrun	England
Newark parkrun	England
Clumber Park parkrun	England
Corby parkrun	England
Rushcliffe junior parkrun	England
Aylestone junior parkrun	England
Beeston parkrun	England
Swadlincote junior parkrun	England
Markeaton junior parkrun	England
Daventry parkrun	England
Melton Mowbray parkrun	England
Gedling parkrun	England
Glossop parkrun	England
Long Eaton junior parkrun	England
Whaley Bridge junior parkrun	England
Sherwood Pines parkrun	England
Rutland Water parkrun	England
Belton House parkrun	England
Leicester Victoria parkrun	England
Hucknall junior parkrun	England
Poolsbrook parkrun	England
Gedling junior parkrun	England
Daventry junior parkrun	England
Melton Mowbray junior parkrun	England
Clifton parkrun	England
Bakewell parkrun	England
Staveley junior parkrun	England
Sixfields Upton parkrun	England
Newark junior parkrun	England
Rutland Water junior parkrun	England
Dishley parkrun, Loughborough	England
Watermeadows parkrun	England
Market Rasen Racecourse parkrun	England
Worksop College junior parkrun	England
Snowden Field parkrun	England
Desborough Green Space junior parkrun	England
Alvaston parkrun	England
Shipley Country junior parkrun	England
Dukeries junior parkrun	England
Salcey Forest parkrun	England
Irchester Country parkrun	England
Wyndham junior parkrun	England
Wicksteed junior parkrun	England
Brixworth Country parkrun	England
Boston Road Rec junior parkrun	England
Skegness Boating Lake parkrun	England
Wollaton Hall parkrun	England
Doddington Hall parkrun	England
Sutton Lawn junior parkrun	England
Northampton Racecourse junior parkrun	England
Spencer Park junior parkrun	England
Coventry parkrun	England
Leamington parkrun	England
Cannock Chase parkrun	England
Rugby parkrun	England
Dudley parkrun	England
Shrewsbury junior parkrun	England
Bloxwich junior parkrun	England
Arrow Valley parkrun	England
Brueton parkrun	England
Cannon Hill parkrun, Birmingham	England
Worcester parkrun	England
Wolverhampton parkrun	England
Worcester Pitchcroft parkrun	England
Walsall Arboretum parkrun	England
Evesham junior parkrun	England
Sandwell Valley parkrun	England
Hanley parkrun	England
Telford parkrun	England
Kingsbury Water parkrun	England
Shrewsbury parkrun	England
Bromsgrove junior parkrun	England
Hereford parkrun	England
Perry Hall parkrun	England
Evesham parkrun	England
Wednesfield junior parkrun	England
Telford junior parkrun	England
Wyre Forest parkrun	England
Ludlow parkrun	England
Stratford-upon-Avon parkrun	England
Cannon Hill junior parkrun, Birmingham	England
Bedworth parkrun	England
The Wammy parkrun	England
Sutton Park parkrun	England
Longton junior parkrun	England
Stevens Park junior parkrun, Wollescote	England
Burslem Park junior parkrun	England
Henley Wood parkrun, Oswestry	England
Birches Valley junior parkrun	England
Isabel Trail parkrun	England
GEC Rec junior parkrun	England
Chasewater parkrun	England
Wyre Forest junior parkrun	England
Stratford-upon-Avon Rec junior parkrun	England
Severn Valley Country parkrun	England
Babbs Mill parkrun	England
Alderford Lake parkrun	England
Warwick Racecourse parkrun	England
Oaklands parkrun	England
East Park parkrun	England
Clough Hall junior parkrun	England
Beacon parkrun	England
West Smethwick junior parkrun	England
Edgbaston Reservoir parkrun	England
War Memorial Park junior parkrun	England
Rostrevor parkrun	Northern Ireland
Belfast Victoria junior parkrun	Northern Ireland
Waterworks parkrun, Belfast	Northern Ireland
Comber junior parkrun	Northern Ireland
Derry City parkrun	Northern Ireland
Jordanstown junior parkrun	Northern Ireland
Belfast Victoria parkrun	Northern Ireland
Ecos parkrun, Ballymena	Northern Ireland
Queen's parkrun, Belfast	Northern Ireland
Falls parkrun, Belfast	Northern Ireland
Portrush parkrun	Northern Ireland
Wallace parkrun, Lisburn	Northern Ireland
Citypark parkrun, Craigavon	Northern Ireland
Enniskillen parkrun	Northern Ireland
MUSA Cookstown parkrun	Northern Ireland
Omagh parkrun	Northern Ireland
Ormeau parkrun	Northern Ireland
Antrim parkrun	Northern Ireland
Castlewellan parkrun	Northern Ireland
Armagh parkrun	Northern Ireland
Larne parkrun	Northern Ireland
Carrickfergus parkrun	Northern Ireland
Bangor parkrun, Northern Ireland	Northern Ireland
Derry City junior parkrun	Northern Ireland
Comber parkrun	Northern Ireland
Valley parkrun, Newtownabbey	Northern Ireland
Limavady parkrun	Northern Ireland
Portrush junior parkrun	Northern Ireland
Stormont parkrun	Northern Ireland
Colin Glen parkrun	Northern Ireland
Moira junior parkrun	Northern Ireland
Larne junior parkrun	Northern Ireland
Bangor junior parkrun	Northern Ireland
Waterworks junior parkrun	Northern Ireland
Ormeau junior parkrun	Northern Ireland
Magherafelt junior parkrun	Northern Ireland
Lurgan junior parkrun	Northern Ireland
Lough Moss junior parkrun	Northern Ireland
Orangefield parkrun	Northern Ireland
Broadmeadow junior parkrun	Northern Ireland
Dungannon Park parkrun	Northern Ireland
Musgrave junior parkrun	Northern Ireland
Riverside junior parkrun, Ballymoney	Northern Ireland
Stranmillis College parkrun	Northern Ireland
Holy Cross College parkrun	Northern Ireland
Sixmilewater parkrun	Northern Ireland
Crawfordsburn Country parkrun	Northern Ireland
Knockbracken Reservoir parkrun	Northern Ireland
Hillsborough Forest parkrun	Northern Ireland
Moors Valley junior parkrun	England
Kingsway parkrun, Gloucester	England
Ashton Court parkrun	England
Tamar Trails parkrun	England
Lydiard parkrun	England
Forest of Dean parkrun	England
Cheddar junior parkrun	England
Plymvalley parkrun	England
Trelissick parkrun	England
Torbay Velopark parkrun	England
Bath Skyline parkrun	England
Moors Valley parkrun	England
Bath Odd Down junior parkrun	England
Eastville junior parkrun	England
Shepton Mallet parkrun	England
Minehead parkrun	England
Bournemouth parkrun	England
Weymouth junior parkrun	England
Gloucester North parkrun	England
Poole parkrun	England
Killerton parkrun	England
Upton House parkrun	England
Eden Project parkrun	England
Forest of Dean junior parkrun	England
Page Park junior parkrun	England
Barnstaple parkrun	England
Thornbury parkrun	England
Eastville parkrun	England
Southwick Country parkrun	England
Stonehouse parkrun	England
Chippenham parkrun	England
Wotton parkrun	England
Cheltenham parkrun	England
Newent parkrun, Forest of Dean	England
Chipping Sodbury parkrun	England
Seaton parkrun	England
Bodmin junior parkrun	England
Yeovil Montacute parkrun	England
Weymouth parkrun	England
Longrun Meadow parkrun	England
Pomphrey Hill parkrun	England
Lanhydrock parkrun	England
Little Stoke junior parkrun	England
Parke parkrun	England
Blandford parkrun	England
Exeter Riverside parkrun	England
Torridge junior parkrun	England
Tamar Lakes parkrun	England
Penrose parkrun	England
Lydiard junior parkrun	England
Longrun Meadow junior parkrun	England
Burnham and Highbridge parkrun	England
Salisbury parkrun	England
Weston-super-Mare junior parkrun	England
Tewkesbury parkrun	England
Heavitree junior parkrun	England
Cheltenham junior parkrun	England
Kings Weston junior parkrun	England
Windmill Hill junior parkrun	England
Lydney parkrun	England
Chippenham junior parkrun	England
Mount Edgcumbe parkrun	England
Bideford parkrun	England
Melksham parkrun	England
Exmouth parkrun	England
Cirencester parkrun	England
Gloucester City parkrun	England
Stonehouse junior parkrun	England
Heartlands parkrun	England
Street parkrun	England
Barnstaple junior parkrun	England
Devonport junior parkrun	England
Henstridge Airfield parkrun	England
Marlborough Common parkrun	England
Teignmouth Promenade parkrun	England
Torbay Velopark junior parkrun	England
Somerdale Pavilion parkrun	England
Woolacombe Dunes parkrun	England
Churchill Gardens junior parkrun, Salisbury	England
Upton House junior parkrun	England
Haldon Forest parkrun	England
Par Track junior parkrun	England
Collett Park junior parkrun	England
Cranbrook Country Park junior parkrun	England
Tetbury Goods Shed parkrun	England
Yeovil Rec junior parkrun	England
St Mary's parkrun	England
The Old Showfield parkrun	England
Ross-on-Wye parkrun	England
Stratford Park parkrun, Stroud	England
Mallards Pike parkrun	England
King George V Playing Field parkrun	England
Clevedon Salthouse Fields parkrun	England
Yatton Recreation junior parkrun	England
Land's End parkrun	England
Seven Fields parkrun	England
King George V junior parkrun	England
Berkeley Green parkrun	England
Bolberry Down parkrun	England
Bude Marshes junior parkrun	England
Slades junior parkrun	England
Central parkrun, Plymouth	England
Penryn Campus parkrun	England
Sharpham Road Playing Fields parkrun	England
Wotton Community PARC junior parkrun	England
Banstead Woods parkrun	England
Brighton & Hove parkrun	England
Basingstoke parkrun	England
Reading parkrun	England
Black Park parkrun	England
Dover junior parkrun	England
Banbury parkrun	England
Eastbourne parkrun	England
Frimley Lodge parkrun	England
Southampton parkrun	England
Andover parkrun	England
Guildford parkrun	England
Maidstone parkrun	England
Oxford parkrun	England
Harcourt Hill junior parkrun	England
Southsea parkrun	England
Havant parkrun	England
Whiteley parkrun	England
Ashford parkrun	England
Milton Keynes parkrun	England
Bognor Regis junior parkrun	England
Wycombe Rye junior parkrun	England
Canterbury parkrun	England
Nonsuch parkrun	England
Andover junior parkrun	England
Royal Tunbridge Wells parkrun	England
Eastleigh parkrun	England
Peacehaven parkrun	England
Margate junior parkrun	England
Peacehaven junior parkrun	England
Newbury parkrun	England
Whitstable parkrun	England
Bracknell parkrun	England
Lymington Woodside parkrun	England
Henley-on-Thames parkrun	England
Netley Abbey junior parkrun	England
Stokes Bay junior parkrun	England
Woking junior parkrun	England
Medina I.O.W. parkrun	England
Tonbridge junior parkrun	England
Winchester parkrun	England
Wycombe Rye parkrun	England
Abingdon parkrun	England
Linford Wood parkrun	England
Horsham parkrun	England
Netley Abbey parkrun	England
Tilgate parkrun	England
Reigate Priory junior parkrun	England
Savill Garden junior parkrun	England
Alice Holt parkrun	England
Homewood parkrun	England
Preston Park junior parkrun, Brighton	England
Woodley parkrun	England
Upton Court parkrun	England
Brockenhurst parkrun	England
Aylesbury parkrun	England
Bracknell junior parkrun	England
Didcot parkrun	England
Clair parkrun	England
Margate parkrun	England
Pegwell Bay parkrun	England
Preston Park parkrun, Brighton	England
East Grinstead parkrun	England
Shorne Woods parkrun	England
Woodley junior parkrun	England
Queen Elizabeth parkrun	England
Horsham junior parkrun	England
Great Lines parkrun, Medway	England
Tonbridge parkrun	England
Southampton junior parkrun	England
Basingstoke junior parkrun	England
Reigate Priory parkrun	England
Rushmoor parkrun	England
Buckingham parkrun	England
Bognor Regis parkrun	England
Woking parkrun	England
Cranleigh parkrun	England
Chichester parkrun	England
Dartford parkrun	England
Chichester junior parkrun	England
Folkestone parkrun	England
Whitstable junior parkrun	England
Harcourt Hill parkrun	England
Gravesend junior parkrun	England
Goudhurst junior parkrun	England
Maidenhead parkrun	England
Eastney junior parkrun	England
Hastings parkrun	England
Lullingstone parkrun	England
Milton Keynes junior parkrun	England
Hove Promenade parkrun	England
Aylesbury junior parkrun	England
Lee-on-the-Solent parkrun	England
Medway junior parkrun	England
Guildford junior parkrun	England
Haywards Heath junior parkrun	England
Dartford Heath parkrun	England
Manor Park junior parkrun	England
Buckingham junior parkrun	England
Waterlooville junior parkrun	England
Malling parkrun	England
Ashford junior parkrun	England
Rushmere parkrun	England
Nonsuch junior parkrun	England
Bevendean Down parkrun	England
Sittingbourne parkrun	England
Dartford junior parkrun	England
Bedgebury Pinetum parkrun	England
Portsmouth Lakeside parkrun	England
Worthing parkrun	England
Fareham parkrun	England
Bicester parkrun	England
Betteshanger junior parkrun	England
Winchester junior parkrun	England
Tilgate junior parkrun	England
Park Wood junior parkrun	England
Medina I.O.W junior parkrun	England
Reculver junior parkrun	England
Mole Valley parkrun	England
Witney parkrun	England
Hogmoor Inclosure parkrun	England
Eastbourne junior parkrun	England
Hazelwood parkrun	England
Clacton junior parkrun	England
Prospect parkrun	England
New Milton junior parkrun	England
Ockwells junior parkrun	England
Cranleigh junior parkrun	England
Dinton Pastures parkrun	England
Lancing Beach Green parkrun	England
Queen's Parade junior parkrun, Aldershot	England
Higginson parkrun, Marlow	England
Wendover Woods parkrun	England
Hove Park junior parkrun	England
Walmer and Deal Seafront parkrun	England
Whiteley junior parkrun	England
Brooklands parkrun	England
East Brighton parkrun	England
Paddington Rec junior parkrun	England
Seaford Beach parkrun	England
Lakes junior parkrun	England
California Country parkrun	England
Littlehampton Prom parkrun	England
Hogmoor Inclosure junior parkrun	England
Kingdom parkrun	England
Uckfield parkrun	England
Cyclopark parkrun	England
Salt Hill junior parkrun	England
Squerryes Winery parkrun	England
Leatherhead junior parkrun	England
Ifield Mill Pond parkrun	England
The Leas parkrun, Minster	England
Ashlyns junior parkrun	England
Chipping Norton School parkrun	England
Sandhurst Memorial parkrun	England
Florence Park junior parkrun	England
Whitelands Farm junior parkrun	England
Worthing Leisure Centre junior parkrun	England
Millennium Green junior parkrun	England
Itchen Valley Country parkrun	England
Dowds Farm junior parkrun	England
Horspath parkrun	England
Church Mead parkrun	England
Faversham Recreation Ground junior parkrun	England
Woodhouse Moor parkrun	England
Wakefield Thornes parkrun	England
Hull parkrun	England
Cross Flatts junior parkrun	England
Graves junior parkrun	England
Endcliffe parkrun	England
York parkrun	England
Halifax parkrun	England
Bradford parkrun	England
Bramley junior parkrun	England
Pontefract parkrun	England
Brighouse parkrun	England
Catterick parkrun	England
Harrogate parkrun	England
Barnsley parkrun	England
Rothwell parkrun	England
Huddersfield parkrun	England
Normanby Hall parkrun	England
Concord parkrun, Sheffield	England
Roundhay parkrun	England
Sewerby parkrun	England
Graves parkrun	England
Dewsbury parkrun	England
Peter Pan parkrun	England
Goole parkrun	England
Temple Newsam parkrun	England
Scunthorpe parkrun	England
Rotherham parkrun	England
Rother Valley parkrun	England
Cross Flatts parkrun	England
Hillsborough parkrun	England
Brighouse junior parkrun	England
Sheffield Castle parkrun	England
Skipton parkrun	England
Sandall Park parkrun	England
Roundhay junior parkrun	England
Fountains Abbey parkrun	England
Peter Pan junior parkrun	England
Cleethorpes parkrun	England
Huddersfield junior parkrun	England
Humber Bridge parkrun	England
Wetherby parkrun	England
Oakwell Hall parkrun	England
Nostell parkrun	England
Temple Newsam junior parkrun	England
Barnsley junior parkrun	England
Northallerton parkrun	England
Horton Park parkrun	England
Bramley parkrun	England
Dewsbury junior parkrun	England
Heslington parkrun	England
Harrogate junior parkrun	England
Saltaire junior parkrun	England
Dalby Forest parkrun	England
Tolson junior parkrun	England
Knavesmire junior parkrun	England
Selby parkrun	England
Bodington junior parkrun	England
New Earswick parkrun	England
Middleton Woods parkrun	England
Wakefield Thornes junior parkrun	England
Northallerton junior parkrun	England
Pontefract junior parkrun	England
Shelley junior parkrun	England
Armley parkrun	England
Cliffe Castle parkrun	England
Beaumont Park junior parkrun	England
Myrtle parkrun	England
Potternewton parkrun	England
Frickley Country parkrun	England
Storthes Hall parkrun	England
Centre Vale parkrun	England
Alderman Kneeshaw junior parkrun	England
Penistone parkrun	England
Conyngham Hall parkrun	England
Millfield parkrun	England
Beverley Westwood parkrun	England
Millhouses parkrun	England
Cusworth Hall parkrun	England
Castle Howard parkrun	England
Sheffield Olympic Legacy Park junior parkrun	England
Brumby Wood Rec Ground junior parkrun	England
Bowling Park parkrun	England
Riverside Gardens junior parkrun	England
Chevin Forest parkrun	England
Roberts Park parkrun	England
Sandall Park junior parkrun	England
Brayton Academy junior parkrun	England
The Station junior parkrun	England
Jersey parkrun	Jersey
Guernsey parkrun	Guernsey
The Waterfront junior parkrun	Jersey
Cape Pembroke Lighthouse parkrun	Tierra del Fuego
Nobles parkrun	Douglas
Roosevelt Island DC parkrun	Washington, D.C.
Mansfield OH parkrun	Ohio
Leakin Park parkrun	Maryland
Livonia parkrun	Michigan
Anacostia parkrun	Washington, D.C.
College Park parkrun	Maryland
Clermont Waterfront parkrun	Florida
Deep Run parkrun	Virginia
Durham NC parkrun	North Carolina
Renton parkrun	Washington
Eagan parkrun	Minnesota
Crissy Field parkrun	California
Fletcher's Cove parkrun	Washington, D.C.
Heritage Harbor parkrun, Ottawa	Illinois
South Boulder Creek parkrun	Colorado
Kensington parkrun	Maryland
Jamaica Pond parkrun	Massachusetts
Aspen parkrun	Colorado
Joe Creason parkrun	Kentucky
Charleston parkrun, West Virginia	West Virginia
Des Moines Creek parkrun	Washington
Mountain Goat Trail parkrun	Tennessee
Delaware and Raritan Canal parkrun	New Jersey
Depot Park parkrun	Florida
Lillie parkrun, Ann Arbor	Michigan
Himmel parkrun	Arizona
Terry Hershey parkrun	Texas
Rec Plex North parkrun	Florida
Sippo Lake parkrun	Ohio
McAllister parkrun	Indiana
Weedon Island Preserve parkrun	Florida
Marsh-Billings-Rockefeller parkrun	Vermont
Oak Grove parkrun	Kentucky
Perrigo parkrun	Washington
Howard Temin Lakeshore Path parkrun	Wisconsin
Rock Creek Trail parkrun	Oregon
Byxbee parkrun	California
Northside Beltline parkrun	Georgia
Ohio and Erie Canal Reservation parkrun	Ohio
Bear Creek Greenbelt parkrun	Texas
Third Creek Greenway parkrun	Tennessee
The Woodlands Waterway parkrun	Texas
Danehy Park parkrun	Massachusetts
Canyon Rim Trail parkrun	Idaho
Creekside parkrun	North Carolina
Peace Valley parkrun	Pennsylvania
Dr Bill Hammond Trails parkrun	Florida
Valentine Peak parkrun	Utah
