Event	Country
Central Park junior parkrun, Boston	United Kingdom
Central parkrun, Plymouth	United Kingdom
Cyril Curtain Reserve parkrun	Australia
Donaupark parkrun	Austria
East Coast Brewery parkrun	South Africa
Fife Cycle Park junior parkrun	United Kingdom
Gadebridge Park junior parkrun	United Kingdom
Hamilton Park parkrun	New Zealand
Henry Kendall Reserve parkrun	Australia
Maaraue parkrun	Germany
Nathalia Showgrounds parkrun	Australia
Noel Booth Community parkrun	Canada
Prescoed parkrun	United Kingdom
Russell Park parkrun	New Zealand
South Riverside Trail parkrun	Canada
Springburn junior parkrun	United Kingdom
St Maryâ€™s Campus junior parkrun	Ireland
Sunshine Beach parkrun	Japan
The Great Field parkrun	United Kingdom
Tsurumi Ryokuchi parkrun	Japan
Westside Playing Fields junior parkrun	Ireland
