Event	Country	Previous Cancellation Note	Website
Black Combe parkrun	United Kingdom	COVID-19 (Coronavirus)
Feltham parkrun	United Kingdom	COVID-19 (Coronavirus)
Hollesley Bay parkrun	United Kingdom	COVID-19 (Coronavirus)
Ipswich junior parkrun	United Kingdom	Cycle Swarm event	https://www.parkrun.org.uk/ipswich-juniors
Springhill parkrun	United Kingdom	COVID-19 (Coronavirus)
Sudbury parkrun	United Kingdom	COVID-19 (Coronavirus)
Tern Hill parkrun	United Kingdom	COVID-19 (Coronavirus)
The Grange parkrun	United Kingdom	COVID-19 (Coronavirus)
Warren Hill parkrun	United Kingdom	COVID-19 (Coronavirus)
2021-07-23 17:07:23.339466			
