Event	
Abingdon parkrun	
Albert parkrun, Middlesbrough	
Aldenham parkrun	
Alderford Lake parkrun	
Alexandra parkrun, Moss Side	
Alice Holt parkrun	
Ally Pally parkrun	
Alvaston parkrun	
Andover parkrun	
Armley parkrun	
Arrow Valley parkrun	
Ashford parkrun	
Ashton Court parkrun	
Aylesbury parkrun	
Babbs Mill parkrun	
Banbury parkrun	
Banstead Woods parkrun	
Barclay parkrun	
Barking parkrun	
Barnsley parkrun	
Barnstaple parkrun	
Barrow parkrun	
Basildon parkrun	
Basingstoke parkrun	
Bath Skyline parkrun	
Beacon parkrun	
Beckenham Place parkrun	
Beckton parkrun	
Bedfont Lakes parkrun	
Bedford parkrun	
Bedgebury Pinetum parkrun	
Bedworth parkrun	
Beeston parkrun	
Belton House parkrun	
Berkeley Green parkrun	
Bestwood Village parkrun	
Bevendean Down parkrun	
Beverley Westwood parkrun	
Bexley parkrun	
Bicester parkrun	
Bideford parkrun	
Billericay parkrun	
Birkenhead parkrun	
Blackhill parkrun	
Black Park parkrun	
Blackpool parkrun	
Blandford parkrun	
Blickling parkrun	
Blyth Links parkrun	
Bognor Regis parkrun	
Bolberry Down parkrun	
Bolton parkrun	
Boston parkrun	
Bournemouth parkrun	
Bowling Park parkrun	
Bracknell parkrun	
Bradford parkrun	
Bramhall parkrun	
Bramley parkrun	
Braunstone parkrun	
Brentwood parkrun	
Brierley Forest parkrun	
Brighouse parkrun	
Brighton & Hove parkrun	
Brixworth Country parkrun	
Brockwell parkrun, Herne Hill	
Bromley parkrun	
Brooklands parkrun	
Brueton parkrun	
Brundall parkrun	
Buckingham parkrun	
Burgess parkrun	
Burnage parkrun	
Burnham and Highbridge parkrun	
Burnham-on-Crouch parkrun	
Burnley parkrun	
Bury St Edmunds parkrun	
Bushy parkrun	
California Country parkrun	
Cannock Chase parkrun	
Cannon Hill parkrun, Birmingham	
Canons Park parkrun	
Canterbury parkrun	
Carlisle parkrun	
Cassiobury parkrun	
Castle Park parkrun	
Catford parkrun	
Catton parkrun	
Centre Vale parkrun	
Chadderton Hall parkrun	
Chalkwell Beach parkrun	
Chasewater parkrun	
Cheadle Hulme parkrun	
Chelmsford Central parkrun	
Cheltenham parkrun	
Chester parkrun	
Chichester parkrun	
Chilton Fields parkrun	
Chippenham parkrun	
Chipping Norton School parkrun	
Chipping Sodbury parkrun	
Cirencester parkrun	
Clacton Seafront parkrun	
Clair parkrun	
Clapham Common parkrun	
Clare Castle parkrun	
Cleethorpes parkrun	
Clevedon Salthouse Fields parkrun	
Cliffe Castle parkrun	
Clifton parkrun	
Clitheroe Castle parkrun	
Clumber Park parkrun	
Colchester Castle parkrun	
Coldham's Common parkrun	
Colney Lane parkrun	
Colwick parkrun	
Concord parkrun, Sheffield	
Congleton parkrun	
Conkers parkrun	
Conyngham Hall parkrun	
Corby parkrun	
Cotsford Fields parkrun	
Coventry parkrun	
Crane Park parkrun	
Cranleigh parkrun	
Crewe parkrun	
Crosby parkrun	
Cross Flatts parkrun	
Croxteth Hall parkrun	
Crystal Palace parkrun	
Cusworth Hall parkrun	
Cyclopark parkrun	
Darlington South Park parkrun	
Dartford parkrun	
Dartford Heath parkrun	
Daventry parkrun	
Dewsbury parkrun	
Didcot parkrun	
Dinton Pastures parkrun	
Dishley parkrun, Loughborough	
Doddington Hall parkrun	
Druridge Bay parkrun	
Dudley parkrun	
Dulwich parkrun	
Dunstable Downs parkrun	
Durham parkrun	
Eastbourne parkrun	
East Brighton parkrun	
East Grinstead parkrun	
Eastleigh parkrun	
East Park parkrun	
Eastville parkrun	
Ellesmere Port parkrun	
Endcliffe parkrun	
Evesham parkrun	
Exmouth parkrun	
Fareham parkrun	
Felixstowe parkrun	
Fell Foot parkrun, Newby Bridge	
Ferry Meadows parkrun	
Finsbury parkrun	
Flatts Lane parkrun	
Fleetwood Promenade parkrun	
Fletcher Moss parkrun	
Folkestone parkrun	
Foots Cray Meadows parkrun	
Ford parkrun	
Forest Rec parkrun	
Fountains Abbey parkrun	
Frickley Country parkrun	
Frimley Lodge parkrun	
Fulham Palace parkrun	
Gadebridge parkrun	
Gateshead parkrun	
Gedling parkrun	
Gladstone parkrun	
Glossop parkrun	
Gloucester City parkrun	
Gloucester North parkrun	
Goole parkrun	
Gorleston Cliffs parkrun	
Graves parkrun	
Great Cornard parkrun	
Great Denham parkrun	
Great Dunmow parkrun	
Great Lines parkrun, Medway	
Great Notley parkrun	
Great Yarmouth North Beach parkrun	
Greenwich parkrun	
Grovelands parkrun, Enfield	
Guildford parkrun	
Gunnersbury parkrun	
Hackney Marshes parkrun	
Hackworth parkrun	
Hadleigh parkrun, Essex	
Haigh Woodland parkrun	
Haldon Forest parkrun	
Halifax parkrun	
Hampstead Heath parkrun	
Hanley parkrun	
Hanworth parkrun	
Harcourt Hill parkrun	
Harlow parkrun	
Harrogate parkrun	
Harrow parkrun	
Harrow Lodge parkrun	
Hartlepool parkrun	
Harwich parkrun	
Havant parkrun	
Haverhill parkrun	
Hazelwood parkrun	
Heartlands parkrun	
Heaton parkrun	
Henley-on-Thames parkrun	
Henley Wood parkrun, Oswestry	
Henstridge Airfield parkrun	
Hereford parkrun	
Herrington Country parkrun	
Heslington parkrun	
Higginson parkrun, Marlow	
Highwoods parkrun	
Hillsborough parkrun	
Hilly Fields parkrun	
Hoblingwell parkrun	
Hockley Woods parkrun	
Hogmoor Inclosure parkrun	
Holkham parkrun	
Homewood parkrun	
Horsham parkrun	
Horspath parkrun	
Horton Park parkrun	
Houghton Hall parkrun	
Hove Promenade parkrun	
Huddersfield parkrun	
Hull parkrun	
Humber Bridge parkrun	
Hunstanton Promenade parkrun	
Huntingdon parkrun	
Hyde parkrun	
Hyndburn parkrun	
Ifield Mill Pond parkrun	
Ipswich parkrun	
Irchester Country parkrun	
Isabel Trail parkrun	
Itchen Valley Country parkrun	
Jersey Farm parkrun	
Jesmond Dene parkrun	
Jubilee parkrun	
Kesgrave parkrun	
Keswick parkrun	
Kettering parkrun	
Killerton parkrun	
Kingdom parkrun	
King George V Playing Field parkrun	
Kingsbury Water parkrun	
King's Lynn parkrun	
Kingston parkrun	
Kingsway parkrun, Gloucester	
Knowsley parkrun	
Lancaster parkrun	
Lancing Beach Green parkrun	
Land's End parkrun	
Lanhydrock parkrun	
Leamington parkrun	
Leazes parkrun	
Lee-on-the-Solent parkrun	
Leicester Victoria parkrun	
Letchworth parkrun	
Lincoln parkrun	
Linford Wood parkrun	
Lingwood parkrun	
Littlehampton Prom parkrun	
Littleport parkrun	
Lloyd parkrun, Croydon	
Loch Neaton parkrun, Watton	
Long Eaton parkrun	
Longrun Meadow parkrun	
Lowestoft parkrun	
Ludlow parkrun	
Lullingstone parkrun	
Luton Wardown parkrun	
Lydiard parkrun	
Lydney parkrun	
Lyme Park parkrun	
Lymington Woodside parkrun	
Lytham Hall parkrun	
Macclesfield parkrun	
Maidenhead parkrun	
Maidstone parkrun	
Maldon Prom parkrun	
Malling parkrun	
Manor Field parkrun, Whittlesey	
Mansfield parkrun	
March parkrun	
Margate parkrun	
Markeaton parkrun	
Market Harborough parkrun	
Market Rasen Racecourse parkrun	
Marlborough Common parkrun	
Marple parkrun	
Marshall Drive parkrun, Brotton	
Medina I.O.W. parkrun	
Melksham parkrun	
Melton Mowbray parkrun	
Mersea Island parkrun	
Middleton Woods parkrun	
Millennium Country parkrun, Forest of Marston Vale	
Millfield parkrun	
Millhouses parkrun	
Millom parkrun	
Milton Keynes parkrun	
Mole Valley parkrun	
Morecambe Prom parkrun	
Mount Edgcumbe parkrun	
Myrtle parkrun	
Netley Abbey parkrun	
Newark parkrun	
Newbiggin-by-the-Sea parkrun	
Newcastle parkrun	
New Earswick parkrun	
Newent parkrun, Forest of Dean	
Nonsuch parkrun	
Normanby Hall parkrun	
Northala Fields parkrun	
Northallerton parkrun	
Northampton parkrun	
Northwich parkrun	
Norwich parkrun	
Nostell parkrun	
Oak Hill parkrun	
Oaklands parkrun	
Old Deer Park parkrun	
Oldham parkrun	
Ormskirk parkrun	
Orpington parkrun	
Osterley parkrun	
Oxford parkrun	
Panshanger parkrun	
Parke parkrun	
Peacehaven parkrun	
Peckham Rye parkrun	
Pegwell Bay parkrun	
Pendle parkrun	
Penistone parkrun	
Pennington Flash parkrun	
Penrith parkrun	
Penrose parkrun	
Perry Hall parkrun	
Peter Pan parkrun	
Phoenix parkrun	
Plymvalley parkrun	
Pocket parkrun	
Pomphrey Hill parkrun	
Pontefract parkrun	
Poole parkrun	
Poolsbrook parkrun	
Portsmouth Lakeside parkrun	
Potternewton parkrun	
Preston parkrun	
Preston Park parkrun, Brighton	
Princes parkrun, Liverpool	
Prospect parkrun	
Prudhoe Riverside parkrun	
Pymmes parkrun	
Queen Elizabeth parkrun	
Raphael parkrun	
Reading parkrun	
Redcar parkrun	
Reigate Priory parkrun	
Richmond parkrun	
Rickmansworth parkrun	
Riddlesdown parkrun	
Rising Sun parkrun	
Riverside parkrun	
Roding Valley parkrun	
Rosliston parkrun	
Ross-on-Wye parkrun	
Rothay Park parkrun	
Rotherham parkrun	
Rother Valley parkrun	
Rothwell parkrun	
Roundhay parkrun	
Roundshaw Downs parkrun	
Royal Tunbridge Wells parkrun	
Rugby parkrun	
Rushcliffe parkrun	
Rushmoor parkrun	
Rutland Water parkrun	
Salcey Forest parkrun	
Sale Water parkrun	
Salisbury parkrun	
Sandall Park parkrun	
Sandwell Valley parkrun	
Scunthorpe parkrun	
Seaford Beach parkrun	
Seaton parkrun	
Sedgefield parkrun	
Selby parkrun	
Seven Fields parkrun	
Severn Valley Country parkrun	
Sewerby parkrun	
Sheffield Castle parkrun	
Shepton Mallet parkrun	
Sheringham parkrun	
Shipley Country parkrun	
Shorne Woods parkrun	
Shrewsbury parkrun	
Silksworth parkrun	
Sittingbourne parkrun	
Sixfields Upton parkrun	
Sizewell parkrun	
Skipton parkrun	
Sloughbottom parkrun	
Snowden Field parkrun	
Soham Village College parkrun	
Somerdale Pavilion parkrun	
Southampton parkrun	
Southend parkrun	
South Manchester parkrun	
South Norwood parkrun	
South Oxhey parkrun	
Southport parkrun	
Southsea parkrun	
South Shields parkrun	
Southwark parkrun	
Southwick Country parkrun	
South Woodham Ferrers parkrun	
Squerryes Winery parkrun	
St Albans parkrun	
Stamford Park parkrun	
Stevenage parkrun	
Stewart parkrun, Middlesbrough	
St Helens parkrun	
St Mary's parkrun	
Stonehouse parkrun	
Stratford Park parkrun, Stroud	
Stratford-upon-Avon parkrun	
Street parkrun	
Stretford parkrun	
Sunny Hill parkrun	
Sutton Manor parkrun	
Sutton Park parkrun	
Swaffham parkrun	
Tamar Lakes parkrun	
Tamar Trails parkrun	
Tawd Valley parkrun	
Teignmouth Promenade parkrun	
Telford parkrun	
Temple Newsam parkrun	
Tetbury Goods Shed parkrun	
Tewkesbury parkrun	
The Leas parkrun, Minster	
The Old Showfield parkrun	
The Pastures parkrun	
Thetford parkrun	
The Wammy parkrun	
Thomas Mills parkrun	
Thornbury parkrun	
Thurrock parkrun, Orsett Heath	
Tilgate parkrun	
Tonbridge parkrun	
Torbay Velopark parkrun	
Trelissick parkrun	
Tyne Green parkrun	
Uckfield parkrun	
Upton Court parkrun	
Upton House parkrun	
Valentines parkrun	
Wakefield Thornes parkrun	
Walmer and Deal Seafront parkrun	
Walsall Arboretum parkrun	
Walthamstow parkrun	
Wanstead Flats parkrun	
Warrington parkrun	
Warwick Racecourse parkrun	
Watergrove parkrun, Rochdale	
Watermeadows parkrun	
Wendover Woods parkrun	
Westmill parkrun	
Wetherby parkrun	
Weymouth parkrun	
Whinlatter Forest parkrun	
Whitehaven parkrun	
Whiteley parkrun	
Whitley Bay parkrun	
Whitstable parkrun	
Wickford Memorial parkrun	
Widnes parkrun	
Wilmslow parkrun	
Wimbledon Common parkrun	
Wimpole Estate parkrun	
Winchester parkrun	
Windy Nook parkrun	
Witney parkrun	
Witton parkrun	
Woking parkrun	
Wollaton Hall parkrun	
Wolverhampton parkrun	
Woodbank parkrun	
Woodhouse Moor parkrun	
Woodley parkrun	
Woolacombe Dunes parkrun	
Worcester parkrun	
Worcester Pitchcroft parkrun	
Workington parkrun	
Wormwood Scrubs parkrun	
Worsley Woods parkrun	
Worthing parkrun	
Wotton parkrun	
Wycombe Rye parkrun	
Wyre Forest parkrun	
Wythenshawe parkrun	
York parkrun	
